stemming,target
['senang'],1
"['irawan', 'duit', 'kagak']",1
"['loba', 'teuing', 'ngurus', 'proyek']",1
"['mantap', 'naik', 'saja', 'nya', 'rakyat', 'sudah', 'kaya', 'raya', 'nggak', 'miskin', 'periode', 'agar', 'rakyat', 'senang']",1
"['subsidi', 'tidak', 'cabut', 'tapi', 'alih', 'dari', 'subsidi', 'barang', 'subsidi', 'masyarakat', 'dalam', 'bentuk', 'blt']",1
"['bbm', 'tidak', 'subsidi', 'pajak', 'kendara', 'sim', 'hapus', 'kendara', 'bebas', 'pajak']",1
"['lanjut', 'periode']",1
"['tidak', 'masuk', 'akal', 'negara', 'harga', 'negara', 'gerak', 'maju', 'untuk', 'korupsi']",1
"['apbn', 'habis', 'mindah', 'ibukota']",1
"['kecil', 'ribu', 'barang', 'langkah', 'orang', 'papua', 'keluh', 'katain', 'negeri', 'minyak', 'barang', 'baik', 'baik']",1
['periode'],1
"['perintah', 'salah', 'bbm', 'hutang', 'negara', 'makin', 'tingkat', 'bbm', 'tuju', 'ya', 'mudah', 'an', 'putus', 'ambil', 'perintah', 'indonesia', 'makin', 'maju']",1
"['tidak', 'apa', 'bbm', 'bantu', 'pemerinta']",1
"['hormat', 'bp', 'tri', 'jangan', 'awas', 'tapi', 'cctv', 'spbu', 'terima']",1
"['dana', 'pindah', 'kota', 'sudah', 'tipis', 'sih', 'ya', 'saja', 'bbm']",1
"['harap', 'tenang', 'partai', 'cilik']",1
"['mantap', 'habis', 'pbb', 'susul']",1
"['bbm', 'jenis', 'partalite', 'rupiah', 'rakyat', 'indonesia', 'sudah', 'demo', 'malaysia', 'harga', 'partalite', 'ringgit', 'tidak', 'demo', 'rnggit', 'rupiah']",1
"['median', 'harga', 'bbm', 'murah', 'usa', 'octane', 'gallon', 'rp', 'gallon', 'rp', 'liter', 'harga', 'pertalite', 'rp', 'liter', 'presiden', 'joko', 'widodo', 'dukung', 'putus', 'perintah', 'hubung', 'naik', 'harga', 'pertalite', 'solar', 'god', 'bless', 'nkri', 'forever']",1
"['beli', 'ngotel', 'ngosan', 'tidak', 'ribet', 'bikin', 'tidak']",1
"['bbm', 'tidak', 'bahan', 'bakar', 'tidak', 'mana']",1
"['tinggal', 'bangun', 'negeri', 'gotong', 'royong', 'kalau', 'harta', 'sumbang', 'bangun', 'negeri', 'anda', 'teriak', 'gimana', 'anda', 'hidup', 'zaman', 'perang', 'anda', 'tidak', 'korbanin', 'nyawa', 'harta', 'merdeka', 'indonesia', 'kaya', 'orang', 'kaya', 'gin', 'dulunya', 'demang', 'sama', 'kompeni', 'nggak', 'otak']",1
[],1
"['mantap', 'habis', 'pbb', 'susul']",1
"['naik', 'saya', 'tuju', 'tolong', 'suli', 'aplikasi', 'dyh', 'bikin', 'sulit', 'masarakat']",1
"['moga', 'allah', 'meridhoi', 'putus']",1
['senang'],1
"['beli', 'ngotel', 'ngosan', 'tidak', 'ribet', 'bikin', 'tidak']",1
"['bangun', 'kota']",1
"['indonesia', 'sejahtera', 'solusi', 'cma', 'sah', 'uu', 'hukum', 'mati', 'koruptor', 'tidak', 'banyak', 'tentang', 'korupsi', 'lama', 'uu', 'hukum', 'mati', 'tidak', 'sahkan']",1
[],1
"['turun', 'dari', 'atm']",1
"['subsidi', 'bbm', 'hapus', 'mobil', 'pribadi', 'kategori', 'pakai', 'bbm', 'subsidi', 'senang', 'subsidi', 'bbm', 'hapus', 'salah', 'kalang', 'motor', 'giat', 'hari', 'pakai', 'subsidi', 'bbm', 'hak', 'rampas', 'kalang', 'sembunyi', 'balik', 'rakyat', 'jadi', 'alas', 'salah', 'kalang', 'dukung', 'penuh', 'cabut', 'subsidi', 'bbm', 'mobil', 'pribadi', 'kategori', 'nikmat', 'subsidi', 'bbm']",1
"['subsidi', 'bbm', 'hapus', 'mobil', 'pribadi', 'kategori', 'pakai', 'bbm', 'subsidi', 'senang', 'subsidi', 'bbm', 'hapus', 'salah', 'kalang', 'motor', 'giat', 'hari', 'pakai', 'subsidi', 'bbm', 'hak', 'rampas', 'kalang', 'sembunyi', 'balik', 'rakyat', 'jadi', 'alas', 'salah', 'kalang', 'dukung', 'penuh', 'cabut', 'subsidi', 'bbm', 'mobil', 'pribadi', 'kategori', 'nikmat', 'subsidi', 'bbm']",1
"['mantap', 'cocok', 'periode']",1
"['bbm', 'sampai', 'harga', 'jangan', 'bikin', 'bingong', 'rakyat', 'kecil', 'aplikasi', 'tidak', 'terus', 'bbm', 'batas', 'kalok', 'baik', 'mudah', 'rakyat', 'cari', 'tidak', 'susahh']",1
"['salam', 'periode']",1
"['coba', 'bangun', 'pertamini', 'milik', 'bumn', 'nya', 'pelosok', 'negeri', 'agar', 'adil', 'sosial', 'capai', 'suruh', 'pertamini', 'jual', 'tamak', 'saja', 'pertalitenya', 'ngilang']",1
"['bapak', 'jokowi', 'naik', 'bbm', 'aja', 'ada', 'nang', 'bapak', 'naik', 'tidak', 'ada', 'nang']",1
"['saya', 'sbagai', 'rakyat', 'aja', 'minyak', 'tapi', 'perintah', 'suruh', 'usaha', 'naik', 'gaji', 'karyawannya']",1
"['bapak', 'jokowi', 'naik', 'bbm', 'aja', 'ada', 'nang', 'bapak', 'naik', 'tidak', 'ada', 'nang']",1
"['rakyat', 'ngomong', 'apa', 'mengko', 'ngomong', 'tangkap', 'ya', 'pasrah']",1
"['moga', 'harga', 'barang', 'butuh', 'roket']",1
"['buat', 'putus', 'adil', 'imbang', 'jangan', 'sampai', 'kaya', 'kaya', 'miskin', 'derita']",1
['lawak'],1
"['terima', 'tidak', 'teriak', 'pilih', 'selamat', 'nikmat', 'naik', 'bbm', 'salam', 'gigit', 'jari']",1
"['alas', 'golput', 'karena', 'mimpi', 'rakyat', 'ttap', 'jdi', 'korban', 'syukur', 'rakyat', 'tahan']",1
['nkri'],1
"['tanggung', 'dhe', 'ribu', 'ja', 'naik', 'sekali', 'harga', 'nya', 'tidak', 'macet', 'bikin', 'jalan']",1
"['bapak', 'dari', 'pade']",1
"['tuju', 'program', 'kembang', 'kasta', 'dalit']",1
"['terima', 'tidak', 'teriak', 'pilih', 'selamat', 'nikmat', 'naik', 'bbm', 'salam', 'gigit', 'jari']",1
"['bapak', 'jokowi', 'jdi', 'presiden', 'seumor', 'hidup', 'mantap']",1
"['mobil', 'tua', 'cc', 'mohon', 'timbang']",1
"['kalimantan', 'barat', 'harga', 'solar', 'daerah', 'liter', 'kios']",1
"['turun', 'dari', 'atm']",1
"['mobil', 'tua', 'cc', 'mohon', 'timbang']",1
"['bbm', 'mobil', 'angkut', 'ganti', 'tenaga', 'listrik', 'baterai', 'gerak', 'dinamo', 'motor', 'listrik', 'sepeda', 'motor']",1
"['rp', 'saja', 'murah', 'negeri', 'bbm', 'subsidi', 'karena', 'banyak', 'pakai', 'orang', 'kaya', 'orang', 'dangkal', 'saja', 'bilang', 'mahal']",1
"['mobil', 'tua', 'cc', 'mohon', 'timbang']",1
"['moga', 'harga', 'barang', 'butuh', 'roket']",1
"['ya', 'kalau', 'bbm', 'juga']",1
"['soroh', 'awak', 'bos', 'golek', 'gawe', 'pangan', 'kangela', 'gakisok', 'bayar', 'pajak', 'tidak', 'ngurus', 'bbm', 'dinaikno', 'sak', 'karebmu', 'nek', 'pancene', 'sulit', 'ngatuer']",1
[],1
"['tidak', 'berat', 'bbm', 'subsidi', 'alih', 'masyarakat', 'koruptor', 'milyar', 'hukum', 'mati']",1
"['perintah', 'salah', 'bbm', 'hutang', 'negara', 'makin', 'tingkat', 'bbm', 'tuju', 'ya', 'mudah', 'an', 'putus', 'ambil', 'perintah', 'indonesia', 'makin', 'maju']",1
[],1
"['lanjut', 'periode']",1
"['moga', 'allah', 'swt', 'tingkat', 'rezeki', 'barokah', 'ke', 'rakyat']",1
"['pimpin', 'iring', 'kembang', 'zaman', 'alami', 'naik', 'bbm', 'santai', 'beli', 'kendara', 'tidak', 'beli', 'bbm']",1
"['mahalin', 'saja', 'agar', 'bacah', 'bacah', 'motor', 'kurang']",1
['periode'],1
"['bbm', 'tidak', 'subsidi', 'pajak', 'kendara', 'sim', 'hapus', 'kendara', 'bebas', 'pajak']",1
"['bner', 'banget', 'tuju']",1
"['loba', 'teuing', 'ngurus', 'proyek']",1
"['bantu', 'blt', 'efektif', 'kalau', 'contoh', 'gaji', 'naikkn', 'kalilipat', 'benar', 'karyawan', 'gaji', 'juta', 'naikkn', 'ato', 'agar', 'bantu', 'ekonomi']",1
"['bbm', 'tidak', 'bahan', 'bakar', 'tidak', 'mana']",1
"['perintah', 'pajo', 'tai']",1
"['ayo', 'invansi', 'lo']",1
"['saja', 'pahala']",1
"['buzer', 'buzzer']",1
['cerdas'],1
"['ayo', 'invansi', 'lo']",1
"['tuju', 'program', 'kembang', 'kasta', 'dalit']",1
"['bangun', 'kota']",1
"['sudah', 'lagi', 'harga', 'minyak', 'dunia', 'juga', 'kalau', 'tahan', 'terus', 'jebol']",1
"['coba', 'bangun', 'pertamini', 'milik', 'bumn', 'nya', 'pelosok', 'negeri', 'agar', 'adil', 'sosial', 'capai', 'suruh', 'pertamini', 'jual', 'tamak', 'saja', 'pertalitenya', 'ngilang']",1
"['perintah', 'salah', 'bbm', 'hutang', 'negara', 'makin', 'tingkat', 'bbm', 'tuju', 'ya', 'mudah', 'an', 'putus', 'ambil', 'perintah', 'indonesia', 'makin', 'maju']",1
['simak'],1
"['loba', 'teuing', 'ngurus', 'proyek']",1
"['astaga', 'harga', 'bbm', 'kam', 'tahun', 'tara', 'harga', 'bbm', 'negeri', 'demo', 'kampung', 'nelayan', 'ke', 'liter', 'bang', 'marengek']",1
"['tanggung', 'dhe', 'ribu', 'ja', 'naik', 'sekali', 'harga', 'nya', 'tidak', 'macet', 'bikin', 'jalan']",1
"['naik', 'ump']",1
"['kalau', 'larang', 'jual', 'bbm', 'agar', 'rakyat']",1
"['momen', 'bijak', 'perintah', 'kontroversial', 'informasi', 'informasi', 'disebarluaskan', 'publik', 'media', 'kait', 'fokus', 'nyata', 'terap', 'bijak', 'padahal', 'jelas', 'perintah', 'terap', 'bijak', 'putus', 'bijak', 'terap', 'faktor', 'sebab', 'faktor', 'timbang', 'tunjuk', 'data', 'utama', 'mudah', 'paham', 'masyarakat', 'awam', 'timbang', 'timbang', 'pengaruh', 'putus', 'informasi', 'publikasi', 'sebar', 'fokus', 'terap', 'bijak', 'olah', 'lingkar', 'perintah', 'maslahat', 'masyarakat', 'lingkar', 'harap', 'sampai', 'alas', 'rinci', 'perintah', 'nampaknya', 'sampai', 'sampai', 'alas', 'rinci', 'paham', 'laku', 'bijak', 'bijak', 'kontroversial', 'perintah', 'periode', 'perintah', 'periode', 'periode', 'perintah', 'sampai', 'alas', 'masyarakat', 'benar', 'lengkap', 'lengkap', 'miskomunikasi', 'mis', 'persepsi', 'negative', 'thinking', 'masyarakat', 'diminimalisir', 'mana', 'integritas', 'masyarakat', 'perintah', 'saran', 'perintah', 'indonesia', 'periode', 'periode', 'periode', 'siar', 'broadcasting', 'masif', 'masif', 'alas', 'timbang', 'faktor', 'faktor', 'tentu', 'desak', 'dorong', 'terap', 'bijak', 'kontroversial', 'bijak', 'terap', 'kirim', 'pesan', 'aplikasi', 'duduk', 'streaming', 'youtube', 'rangka', 'pers', 'broadcast', 'brand', 'media', 'sosial', 'akun', 'akun', 'resmi', 'perintah', 'orang', 'indonesia', 'orang', 'negeri', 'perintah', 'perintah', 'indonesia', 'individu', 'individu', 'masyarakat', 'indonesia', 'masyarakat', 'orang', 'orang', 'lingkup', 'perintah', 'sampai', 'jelas', 'terap', 'bijak', 'jadi', 'komitmen', 'transparan', 'perintah', 'masyarakat', 'awam']",1
"['naik', 'nya', 'jangan', 'naik', 'banyak', 'ngurangin', 'kendara', 'motor', 'bikin', 'doang', 'jalan', 'penuh', 'motor']",1
"['kalau', 'partai', 'banteng', 'percaya', 'pimpin', 'indonesian', 'mantap']",1
"['bner', 'banget', 'tuju']",1
"['bbm', 'tidak', 'harga', 'cat', 'tidak', 'bos']",1
"['coba', 'bangun', 'pertamini', 'milik', 'bumn', 'nya', 'pelosok', 'negeri', 'agar', 'adil', 'sosial', 'capai', 'suruh', 'pertamini', 'jual', 'tamak', 'saja', 'pertalitenya', 'ngilang']",1
"['harga', 'bbm']",1
"['bbm', 'mobil', 'angkut', 'ganti', 'tenaga', 'listrik', 'baterai', 'gerak', 'dinamo', 'motor', 'listrik', 'sepeda', 'motor']",1
"['kalau', 'partai', 'banteng', 'percaya', 'pimpin', 'indonesian', 'mantap']",1
"['moga', 'allah', 'meridhoi', 'putus']",1
"['bantu', 'blt', 'efektif', 'kalau', 'contoh', 'gaji', 'naikkn', 'kalilipat', 'benar', 'karyawan', 'gaji', 'juta', 'naikkn', 'ato', 'agar', 'bantu', 'ekonomi']",1
"['subsidi', 'tidak', 'cabut', 'tapi', 'alih', 'dari', 'subsidi', 'barang', 'subsidi', 'masyarakat', 'dalam', 'bentuk', 'blt']",1
['simak'],1
"['naik', 'ump']",1
"['turun', 'dari', 'atm']",1
"['tidak', 'berat', 'bbm', 'subsidi', 'alih', 'masyarakat', 'koruptor', 'milyar', 'hukum', 'mati']",1
"['beli', 'ngotel', 'ngosan', 'tidak', 'ribet', 'bikin', 'tidak']",1
"['beli', 'kendara', 'nya', 'beli', 'bbm', 'tidak', 'beli', 'bbm', 'jual', 'jalan', 'kaki', 'gratis', 'naik', 'sepeda', 'gratis']",1
"['tinggal', 'bangun', 'negeri', 'gotong', 'royong', 'kalau', 'harta', 'sumbang', 'bangun', 'negeri', 'anda', 'teriak', 'gimana', 'anda', 'hidup', 'zaman', 'perang', 'anda', 'tidak', 'korbanin', 'nyawa', 'harta', 'merdeka', 'indonesia', 'kaya', 'orang', 'kaya', 'gin', 'dulunya', 'demang', 'sama', 'kompeni', 'nggak', 'otak']",1
"['tidak', 'demo', 'lagi']",1
"['sudah', 'ketok', 'palu', 'bbm', 'ikut', 'saja', 'mau', 'pmrintah']",1
"['tidak', 'apa', 'bbm', 'bantu', 'pemerinta']",1
"['dana', 'pindah', 'kota', 'sudah', 'tipis', 'sih', 'ya', 'saja', 'bbm']",1
"['perintah', 'salah', 'bbm', 'hutang', 'negara', 'makin', 'tingkat', 'bbm', 'tuju', 'ya', 'mudah', 'an', 'putus', 'ambil', 'perintah', 'indonesia', 'makin', 'maju']",1
"['protes', 'keluh', 'pilih', 'jokowi']",1
"['tidak', 'masuk', 'akal', 'negara', 'harga', 'negara', 'gerak', 'maju', 'untuk', 'korupsi']",1
"['rakyat', 'ngomong', 'apa', 'mengko', 'ngomong', 'tangkap', 'ya', 'pasrah']",1
"['spbu', 'tidak', 'nikmat', 'subsidi', 'minyak', 'jenis', 'premium', 'pertalite', 'guna', 'subsidi', 'butuh', 'spbu', 'pertamini', 'jangkau', 'spbu', 'desa', 'orang', 'desa', 'beli', 'minyak', 'ranmor', 'warung', 'spbu', 'pertamini', 'desa', 'pertamina', 'jual', 'pertamax', 'tani', 'suruh', 'beli', 'pertamax', 'bijak', 'jabat', 'pertamina', 'pertamina', 'jual', 'pertamax', 'desa']",1
"['saja', 'bohong', 'bbm', 'imingi', 'subsidi', 'lain', 'halu', 'doang', 'ni']",1
['masuk'],1
['senang'],1
"['perintah', 'pajo', 'tai']",1
"['gaji', 'buruh', 'naik', 'agar', 'gaji', 'dpr']",1
"['kabar', 'pajak', 'batubara', 'nikel']",1
"['soroh', 'awak', 'bos', 'golek', 'gawe', 'pangan', 'kangela', 'gakisok', 'bayar', 'pajak', 'tidak', 'ngurus', 'bbm', 'dinaikno', 'sak', 'karebmu', 'nek', 'pancene', 'sulit', 'ngatuer']",1
"['lanjut', 'periode']",1
"['tidak', 'masuk', 'akal', 'negara', 'harga', 'negara', 'gerak', 'maju', 'untuk', 'korupsi']",1
"['dana', 'pindah', 'kota', 'sudah', 'tipis', 'sih', 'ya', 'saja', 'bbm']",1
"['jokowi', 'rakyat', 'derita', 'kalau', 'bbm', 'alih', 'kan', 'dana', 'desa', 'subsidi', 'bbm']",1
"['ibu', 'tri', 'rakyat', 'jelata', 'tidak', 'ngerti', 'jelas', 'ibu', 'tri', 'ngerti', 'kalau', 'harga', 'bbm', 'rakyat', 'mangkin', 'mederita']",1
"['kenang', 'rezim', 'selamat', 'nikmat']",1
"['protes', 'keluh', 'pilih', 'jokowi']",1
"['subsidi', 'diahlihkan', 'rakyat', 'dapat', 'bantu', 'perintah', 'tidak', 'sadar', 'ya', 'kalau', 'bbm', 'harga', 'sembako', 'lain']",1
"['moga', 'harga', 'barang', 'butuh', 'roket']",1
"['bbm', 'sampai', 'harga', 'jangan', 'bikin', 'bingong', 'rakyat', 'kecil', 'aplikasi', 'tidak', 'terus', 'bbm', 'batas', 'kalok', 'baik', 'mudah', 'rakyat', 'cari', 'tidak', 'susahh']",1
"['negara', 'gagal']",1
"['mbiyen', 'sik', 'milih', 'sopo', 'mas']",1
"['subsidi', 'bbm', 'hapus', 'mobil', 'pribadi', 'kategori', 'pakai', 'bbm', 'subsidi', 'senang', 'subsidi', 'bbm', 'hapus', 'salah', 'kalang', 'motor', 'giat', 'hari', 'pakai', 'subsidi', 'bbm', 'hak', 'rampas', 'kalang', 'sembunyi', 'balik', 'rakyat', 'jadi', 'alas', 'salah', 'kalang', 'dukung', 'penuh', 'cabut', 'subsidi', 'bbm', 'mobil', 'pribadi', 'kategori', 'nikmat', 'subsidi', 'bbm']",1
['masuk'],1
"['ribu', 'ltr', 'tidak', 'masalah', 'busway', 'saja', 'tidak', 'repot']",1
"['jadi', 'sudah', 'tidak', 'usah', 'demo', 'biar', 'anjing', 'gonggong', 'bbm', 'tetep']",1
"['bapak', 'jokowi', 'jdi', 'presiden', 'seumor', 'hidup', 'mantap']",1
"['kalau', 'partai', 'banteng', 'percaya', 'pimpin', 'indonesian', 'mantap']",1
"['sudah', 'lagi', 'harga', 'minyak', 'dunia', 'juga', 'kalau', 'tahan', 'terus', 'jebol']",1
"['lanjut', 'periode']",1
"['kalau', 'anda', 'termsk', 'masyarakat', 'aju', 'saja', 'lurah', 'untuk', 'dapat', 'subsidi', 'seperti', 'blt', 'karena', 'skrg', 'subsidi', 'alih', 'dari', 'barang', 'masyarakat']",1
"['bbm', 'mobil', 'angkut', 'ganti', 'tenaga', 'listrik', 'baterai', 'gerak', 'dinamo', 'motor', 'listrik', 'sepeda', 'motor']",1
"['iwan', 'fals', 'mana', 'ya']",1
"['cinta', 'tau', 'kalau', 'dinluar', 'negeri', 'dapat', 'minimum', 'nya', 'bang', 'banding', 'indonesia', 'jdi', 'wajar', 'harga', 'bbm', 'rakyat']",1
"['potong', 'video']",1
"['kecil', 'ribu', 'barang', 'langkah', 'orang', 'papua', 'keluh', 'katain', 'negeri', 'minyak', 'barang', 'baik', 'baik']",1
"['bukti', 'ekonomi', 'roket', 'periode']",1
"['agar', 'barang']",1
"['harap', 'tenang', 'partai', 'cilik']",1
"['sama', 'harga', 'industri', 'atau', 'subsidi', 'hapus', 'ridak', 'cela', 'oknum', 'curi', 'karena', 'skema', 'tarif', 'beda', 'baik', 'celah', 'korupsi']",1
"['bbm', 'tidak', 'bahan', 'bakar', 'tidak', 'mana']",1
"['momen', 'bijak', 'perintah', 'kontroversial', 'informasi', 'informasi', 'disebarluaskan', 'publik', 'media', 'kait', 'fokus', 'nyata', 'terap', 'bijak', 'padahal', 'jelas', 'perintah', 'terap', 'bijak', 'putus', 'bijak', 'terap', 'faktor', 'sebab', 'faktor', 'timbang', 'tunjuk', 'data', 'utama', 'mudah', 'paham', 'masyarakat', 'awam', 'timbang', 'timbang', 'pengaruh', 'putus', 'informasi', 'publikasi', 'sebar', 'fokus', 'terap', 'bijak', 'olah', 'lingkar', 'perintah', 'maslahat', 'masyarakat', 'lingkar', 'harap', 'sampai', 'alas', 'rinci', 'perintah', 'nampaknya', 'sampai', 'sampai', 'alas', 'rinci', 'paham', 'laku', 'bijak', 'bijak', 'kontroversial', 'perintah', 'periode', 'perintah', 'periode', 'periode', 'perintah', 'sampai', 'alas', 'masyarakat', 'benar', 'lengkap', 'lengkap', 'miskomunikasi', 'mis', 'persepsi', 'negative', 'thinking', 'masyarakat', 'diminimalisir', 'mana', 'integritas', 'masyarakat', 'perintah', 'saran', 'perintah', 'indonesia', 'periode', 'periode', 'periode', 'siar', 'broadcasting', 'masif', 'masif', 'alas', 'timbang', 'faktor', 'faktor', 'tentu', 'desak', 'dorong', 'terap', 'bijak', 'kontroversial', 'bijak', 'terap', 'kirim', 'pesan', 'aplikasi', 'duduk', 'streaming', 'youtube', 'rangka', 'pers', 'broadcast', 'brand', 'media', 'sosial', 'akun', 'akun', 'resmi', 'perintah', 'orang', 'indonesia', 'orang', 'negeri', 'perintah', 'perintah', 'indonesia', 'individu', 'individu', 'masyarakat', 'indonesia', 'masyarakat', 'orang', 'orang', 'lingkup', 'perintah', 'sampai', 'jelas', 'terap', 'bijak', 'jadi', 'komitmen', 'transparan', 'perintah', 'masyarakat', 'awam']",1
"['kalau', 'beli', 'rokok', 'beli', 'chip', 'sanggup', 'nyumbang', 'negara', 'ribut']",1
"['coba', 'berfikir', 'positif', 'itung', 'itung', 'nyumbang', 'negara', 'agar', 'negara', 'maju', 'agar', 'anak', 'cucu', 'jaya', 'indonesia', 'jaya']",1
"['harga', 'bbm']",1
"['subsidi', 'tidak', 'cabut', 'tapi', 'alih', 'dari', 'subsidi', 'barang', 'subsidi', 'masyarakat', 'dalam', 'bentuk', 'blt']",1
"['mantap', 'naik', 'saja', 'nya', 'rakyat', 'sudah', 'kaya', 'raya', 'nggak', 'miskin', 'periode', 'agar', 'rakyat', 'senang']",1
"['jual', 'minyak']",1
['senang'],1
"['soroh', 'awak', 'bos', 'golek', 'gawe', 'pangan', 'kangela', 'gakisok', 'bayar', 'pajak', 'tidak', 'ngurus', 'bbm', 'dinaikno', 'sak', 'karebmu', 'nek', 'pancene', 'sulit', 'ngatuer']",1
['cerdas'],1
[],1
"['orang', 'gilo']",0
"['subsidi', 'orang', 'rata', 'data', 'mesti', 'sasar']",0
"['runtuh', 'adil', 'sosial', 'rakyat', 'indonesia', 'solusi', 'cepat', 'atas', 'perintah']",0
['cilik'],0
"['rezim', 'mafia', 'laknat', 'bubar', 'pertamina']",0
"['hidup', 'mewah', 'mewah', 'pikir', 'rakyat', 'miskin', 'hati', 'nurani', 'harta', 'dinkurangin', 'sedikit', 'pilih', 'rakyat', 'miskin', 'tameng', 'mewah', 'mewah', 'turun']",0
"['alvaro', 'ya', 'harus', 'bagaimana', 'lagi', 'bang', 'mh', 'cuma', 'rakyat', 'kcil', 'harus', 'terima', 'dengan', 'sabar', 'plagi', 'tmen', 'sya', 'kerja', 'nya', 'nyupir', 'angkot']",0
"['potong', 'gaji', 'anggota', 'dpr', 'mpr', 'semua', 'jabat', 'negara', 'bagi', 'ke', 'rakyat']",0
"['perintah', 'kocar', 'kacir', 'jalan', 'satu', 'naik', 'bbm', 'rakyat', 'miskin', 'imbas', 'harga', 'bahan', 'pokok', 'subsidi', 'gagal', 'awas', 'lemah', 'perintah', 'awas', 'lmah']",0
"['tukang', 'ojek', 'online', 'rakyat']",0
"['runtuh', 'adil', 'sosial', 'rakyat', 'indonesia', 'solusi', 'cepat', 'atas', 'perintah']",0
"['sak', 'jokowi', 'kalau', 'naik', 'pertalite', 'rakyat', 'rek', 'gin', 'masih', 'percaya', 'partai', 'cilik']",0
['tai'],0
"['pikir', 'rakyat', 'pom', 'pikir', 'rakyat', 'tidak', 'makek', 'hp', 'android', 'pikir', 'rakyat', 'nyoper', 'bbm', 'batas', 'tidak', 'pikir', 'otak']",0
"['cabut', 'subsidi', 'bbm', 'tolong', 'tani', 'paten', 'kelapa', 'tolong', 'mang', 'penting', 'pikir', 'harga', 'produkten', 'harga', 'anjlok', 'tani', 'jerit']",0
"['subhanallah', 'gimana', 'mikirkan', 'biaya', 'hidup', 'hari', 'dagang', 'apala', 'daya']",0
"['naik', 'harga', 'bbm', 'moga', 'pimpin', 'partai', 'nang']",0
"['kalau', 'perintah', 'pimpin', 'belanda', 'jepang', 'bangsa', 'indonesia', 'sudah', 'makmur', 'perintah', 'indonesia', 'tau', 'nya', 'sengsara', 'peras', 'bangsa', 'indonesia', 'bangsa', 'indonesia', 'lelah', 'bayar', 'upeti', 'makmur']",0
"['sejahtera', 'rakyat', 'kelas', 'kelas', 'jabat', 'rakyat', 'kolam', 'klon', 'nya']",0
"['si', 'ribu', 'liter', 'ya']",0
"['sak', 'jokowi', 'kalau', 'naik', 'pertalite', 'rakyat', 'rek', 'gin', 'masih', 'percaya', 'partai', 'cilik']",0
['tai'],0
"['kapan', 'blt', 'karyawan', 'keluar']",0
"['tidak', 'nanggung', 'suskes']",0
"['cuman', 'segitu', 'naikx', 'jokowi', 'naik', 'agar', 'rakyat', 'senyum', 'malu']",0
"['gaji', 'residen', 'tri', 'turun', 'malai', 'jam']",0
"['sak', 'mblenger', 'nonton', 'bijak', 'kebijaknmu']",0
"['jejak', 'pmrintah', 'sakit', 'rakyat', 'lama', 'pak', 'jokowi']",0
"['tidak', 'jokowi', 'karena', 'rakyat', 'tau', 'bayar', 'hutang', 'bangun', 'insfrastruktur', 'besok', 'periode', 'hutang', 'bangun', 'indonesia', 'besok', 'naik', 'bbm']",0
"['itula', 'sibuk', 'bikin', 'ikn', 'barang', 'naik']",0
"['hormat', 'tolong', 'naik', 'bbm']",0
"['sesal', 'pilih', 'jokowi']",0
"['tidak', 'butuh', 'bantu', 'blt', 'cuman', 'harga', 'tatap', 'saja']",0
"['perintah', 'tidak']",0
"['rupiah', 'kuat', 'rupiah', 'kuat', 'rupiah', 'kuat']",0
"['kampung', 'saya', 'sdah', 'ribu', 'liter', 'apa', 'tidak', 'msmpus']",0
"['kayak', 'jajah', 'perintah', 'saat', 'miyak', 'dunia', 'turun', 'harga', 'tidak', 'turun', 'saat', 'perintah', 'enak', 'nya']",0
"['kapan', 'tegur', 'allah', 'rakyat', 'tunggu', 'bapak', 'tegur', 'langsung', 'allah']",0
"['knp', 'indonesia', 'selalu', 'kurs', 'dolar', 'kalau', 'nilai', 'rupiah']",0
"['gagal', 'total', 'jokowi']",0
"['gaji', 'residen', 'tri', 'turun', 'malai', 'jam']",0
"['tidak', 'milih', 'cerdas', 'milih', 'bodoh', 'iming', 'imingi', 'uang', 'tapi', 'tidak', 'mikir', 'depan', 'nya', 'negeri']",0
"['perintah', 'kocar', 'kacir', 'jalan', 'satu', 'naik', 'bbm', 'rakyat', 'miskin', 'imbas', 'harga', 'bahan', 'pokok', 'subsidi', 'gagal', 'awas', 'lemah', 'perintah', 'awas', 'lmah']",0
"['bbm', 'gaji', 'tidak', 'bikin', 'mati', 'rakyat', 'nih', 'sih', 'kacau', 'bantu', 'j', 'tidak']",0
"['kampung', 'saya', 'sdah', 'ribu', 'liter', 'apa', 'tidak', 'msmpus']",0
"['premium', 'ganti', 'pertalite', 'alas', 'ramah', 'lingkung', 'premium', 'ganti', 'pertalite', 'harga', 'masuk', 'akal', 'rakyat', 'tengah', 'bawah', 'sesuai', 'blt', 'juta', 'keluarga', 'duduk', 'indonesia', 'juta', 'kena', 'dampak', 'naik', 'bbm', 'umur', 'hidup']",0
"['tidak', 'pilih', 'capres', 'bau', 'pdi']",0
"['gagal', 'total', 'jokowi']",0
[],0
"['putus', 'final', 'massa', 'covid', 'serah', 'rakyat', 'rakyat', 'mu', 'orang']",0
"['gaji', 'residen', 'tri', 'turun', 'malai', 'jam']",0
"['kalau', 'tuju', 'bangkit', 'goblok', 'jokowi', 'kirim', 'ajar', 'konsumsi', 'bbm', 'besok', 'blt', 'sasar']",0
"['kepri', 'mafia', 'solar', 'tangkap', 'bos', 'bayang', 'negara', 'rugi', 'mobil', 'jenis', 'inova', 'bensin', 'ngisinya', 'solar', 'tangki', 'invova', 'jenis', 'bensin', 'pakai', 'solar', 'serius', 'nanya']",0
"['perintah', 'kuasa', 'negara', 'layak', 'lengser', 'agar', 'mati', 'hidup', 'segan', 'mati']",0
"['mantap', 'jokowi', 'hasil', 'jerat', 'leher', 'rakyat', 'keji', 'sambo', 'kau']",0
"['kalau', 'perintah', 'pimpin', 'belanda', 'jepang', 'bangsa', 'indonesia', 'sudah', 'makmur', 'perintah', 'indonesia', 'tau', 'nya', 'sengsara', 'peras', 'bangsa', 'indonesia', 'bangsa', 'indonesia', 'lelah', 'bayar', 'upeti', 'makmur']",0
"['hutang', 'dana', 'bangun', 'ikn', 'dana', 'korupsi', 'dana', 'pensiun', 'gaji', 'buta', 'jabat']",0
"['bbm', 'tidak', 'saja', 'bahan', 'makan', 'sudah', 'mahal', 'tambah', 'bbm', 'mahal', 'lagi', 'harga', 'kasihan', 'rakyat', 'tidak', 'punya', 'kerja']",0
"['jejak', 'pmrintah', 'sakit', 'rakyat', 'lama', 'pak', 'jokowi']",0
"['gara', 'gara', 'hutang', 'gunung', 'rakyat', 'korban', 'idiot', 'negara']",0
"['ya', 'enak', 'alih', 'subsidi', 'blt', 'agar', 'gampang', 'saja', 'korupsi', 'terus', 'korupsi', 'tangkap', 'terus', 'sita', 'hasil', 'korupsi', 'ya', 'otomatis', 'uang', 'perintah', 'perintah', 'emang', 'pinter', 'banget']",0
"['roket', 'sesuai', 'janji']",0
"['terus', 'manfaat', 'tetek', 'nikmat', 'ya']",0
"['cinta', 'anda', 'orang', 'sama', 'kampung', 'mu', 'tinggal', 'kota', 'pusing', 'dengan', 'harga', 'bbm']",0
"['minyak', 'dunia', 'mahal', 'malaysia', 'ribu', 'harga', 'banget']",0
"['penyesuian', 'bikin', 'masyarakat', 'susah', 'harga', 'bbm']",0
"['perut', 'buncit', 'diam', 'saja']",0
"['jejak', 'pmrintah', 'sakit', 'rakyat', 'lama', 'pak', 'jokowi']",0
"['perintah', 'hasil', 'jajah', 'rakyat']",0
"['pikir', 'rakyat', 'pom', 'pikir', 'rakyat', 'tidak', 'makek', 'hp', 'android', 'pikir', 'rakyat', 'nyoper', 'bbm', 'batas', 'tidak', 'pikir', 'otak']",0
"['nang', 'bbm', 'sekarang', 'ya', 'orang', 'tidak', 'nang', 'bbm']",0
"['harap', 'perintah', 'baca']",0
"['alhamdulillaah', 'bbm', 'terima', 'kasih', 'jokowi', 'moga', 'pdip', 'demo', 'besar', 'moga', 'mega', 'nang', 'nang', 'subsidi', 'bbm', 'lpg', 'listrik', 'cabut', 'alas', 'pertamina', 'pln', 'rugi']",0
"['munafik', 'orang']",0
"['terus', 'manfaat', 'tetek', 'nikmat', 'ya']",0
"['perintah', 'kon', 'l', 'sekali', 'saja', 'smwa', 'nya', 'agar', 'anda', 'smwa', 'pda', 'neng', 'rakyat', 'jerit', 'kangen', 'zaman', 'sby']",0
"['hormat', 'tolong', 'naik', 'bbm']",0
"['bagus', 'warung', 'cakep', 'emang']",0
['tai'],0
"['orang', 'kaya', 'beli', 'mobil', 'ujung', 'beli', 'bbm', 'pertalit', 'spesifikasi', 'bbm', 'pakai', 'minimal', 'ron', 'sebab', 'subsidi', 'perintah', 'bbm', 'subsidi', 'untuk', 'rakyat', 'ekonomi', 'pas']",0
"['ampun', 'indonesia', 'tidak', 'turun', 'tantang', 'generasi', 'muda', 'berat', 'bbm', 'lain', 'rendah']",0
"['kecewa', 'jokowi', 'sang', 'rakyat', 'sejaterah', 'sengsara']",0
"['mantap', 'jokowi', 'hasil', 'jerat', 'leher', 'rakyat', 'keji', 'sambo', 'kau']",0
"['bagaimana', 'tani']",0
"['ngundakno', 'sak', 'enak']",0
"['laknat', 'perintah', 'hancur', 'banteng']",0
"['jokowi', 'biar', 'rakyat', 'mati']",0
"['roket', 'sesuai', 'janji']",0
"['bencana', 'covid', 'normal', 'keja', 'sudah', 'kena', 'harga', 'bbm', 'ampun', 'bos']",0
"['bbm', 'dingin', 'empuk', 'media', 'diem']",0
"['sungguh', 'miskin', 'miskin', 'perintah', 'bantu', 'negara', 'bantu', 'perintah', 'ekonomi', 'mampan', 'bantu', 'perintah', 'salam', 'jokowii', 'kali', 'pilih', 'beliau', 'jokowi']",0
['naik'],0
"['kasihan', 'wiraswasta', 'cari', 'kerja', 'sulit', 'bos', 'bos', 'nawarnya', 'murah', 'proyek', 'mbayarnya', 'tidak', 'selesai', 'nang', 'makan', 'hidup', 'banyak', 'butuh', 'bayar', 'bayar', 'tolong', 'balik', 'naik', 'harga', 'harga']",0
"['banyak', 'komentar', 'ribu', 'dh', 'miskin', 'orang', 'tinggal', 'kota', 'miskin', 'gaya', 'nya', 'perintah', 'pikir', 'hadap', 'rakyat', 'nya', 'dokong', 'ja', 'moga', 'menafaat', 'hadap', 'nya', 'amin', 'ribu', 'duang']",0
"['gaji', 'residen', 'tri', 'turun', 'malai', 'jam']",0
"['kalau', 'perintah', 'pimpin', 'belanda', 'jepang', 'bangsa', 'indonesia', 'sudah', 'makmur', 'perintah', 'indonesia', 'tau', 'nya', 'sengsara', 'peras', 'bangsa', 'indonesia', 'bangsa', 'indonesia', 'lelah', 'bayar', 'upeti', 'makmur']",0
"['mundur', 'saja']",0
"['nama', 'partai', 'nya', 'cilik', 'bbm', 'naik', 'semua', 'naik', 'tidak', 'butuh', 'blt']",0
"['rupiah', 'kuat', 'rupiah', 'kuat', 'rupiah', 'kuat']",0
"['telur', 'hancur', 'harga', 'ternak', 'bbm']",0
"['habis', 'pandemi', 'bbm', 'harga', 'barang', 'otomatis', 'semua', 'korupsi', 'raja', 'lela', 'korupsi', 'tembak', 'mati', 'ikhlas', 'bbm', 'liter', 'ribu']",0
"['mobil', 'jalan', 'uang', 'pensiun', 'makan']",0
"['gaji', 'residen', 'turung']",0
"['minyak', 'selalu', 'turun', 'nya', 'asa', 'minyak', 'tidak', 'turun', 'kalau', 'trurun', 'rupiah', 'saat', 'fokus', 'turun', 'minyak', 'jangan', 'pencitraaan', 'terus']",0
"['makan', 'roti', 'sama', 'daging', 'impor', 'bang']",0
"['rakyat', 'slalu', 'dukung', 'perintah', 'subsidi', 'bbm', 'gas', 'sasar', 'gas', 'kg', 'rubah', 'cat', 'masyarakat', 'blt', 'tidak', 'warna', 'hijau', 'kg', 'tapi', 'harga', 'sesuai', 'dengan', 'tidak', 'dapat', 'subsidi', 'jadi']",0
"['judi', 'narkoba', 'main', 'mafia', 'mafia', 'migas', 'nyata', 'mafia', 'migor', 'mafia', 'tambang', 'tamak', 'mafia', 'politik', 'kejam', 'adik', 'kk', 'asuh', 'sambo', 'geliat', 'periode', 'sambung', 'jual', 'rezim', 'mafia', 'laknat']",0
"['selamat', 'kepda', 'jabat', 'naik', 'bbm', 'selamat', 'rakyat', 'miskin', 'moga', 'jerit', 'menang']",0
"['subsidi', 'beban', 'negara', 'nya', 'sedikit', 'tapi', 'khusus', 'pertalite', 'kayak', 'nya', 'naik', 'nya']",0
"['kalau', 'tidak', 'dukung', 'fanatik', 'tidak', 'kapokx', 'agar', 'sadar', 'naik', 'sampe', 'ribu', 'liter', 'ngakak', 'saja', 'deh']",0
"['rakyat', 'merdeka', 'jajah', 'jabat', 'kuasa']",0
"['terimakasih', 'jokowi', 'miskin', 'agar', 'miskin', 'makasih', 'ya', 'jokowi']",0
"['turun', 'harga', 'bbm', 'jenis', 'pertalite', 'solar', 'pakjokowi', 'duga', 'apbn', 'naik', 'harga', 'bbm', 'jenis', 'pertalite', 'solar']",0
"['tidak', 'pilih', 'capres', 'bau', 'pdi']",0
"['hasan', 'asn', 'astaga', 'parcuma', 'tinggal', 'kota', 'uang', 'ribu', 'saja', 'miskin', 'ngaku', 'tinggal', 'kota', 'kalau', 'miskin']",0
"['ya', 'allah', 'ya', 'robbi', 'bbm', 'pupuk', 'susah', 'didapet', 'syarat', 'listrik', 'hasil', 'rakyat', 'susah', 'bagi', 'dagang', 'bbm', 'tenaga', 'kerja', 'keluar', 'belum', 'sangkut', 'bank', 'setor', 'belum', 'butuh', 'hari', 'suap', 'nasi', 'keluarga', 'tani', 'pupuk', 'mahal', 'susah', 'didapet', 'harga', 'padi', 'murah', 'beras', 'murah', 'keluar', 'nanam', 'tenaga', 'pupuk', 'telaktor', 'pajak', 'keringat', 'cucur', 'banding', 'hasil', 'ngelus', 'dada']",0
"['terimakasih', 'jokowi', 'miskin', 'agar', 'miskin', 'makasih', 'ya', 'jokowi']",0
"['perintah', 'sudah', 'tau', 'bbm', 'subsidi', 'pakai', 'orang', 'kaya', 'mobil', 'pribadi', 'kasih', 'bbm', 'subsidi', 'pertalite']",0
"['parah', 'beban', 'harga', 'bbm', 'tolong', 'fikir', 'ulang', 'mending', 'hapus', 'subsidi', 'akibat', 'orang', 'malas', 'bantu', 'untuk', 'mahasiswa', 'orang', 'tua', 'buat', 'daya', 'beli', 'masyarakat', 'kurang', 'tingkat', 'jahat', 'tolong', 'jokowi']",0
"['hunting', 'anda', 'tinggal', 'berita', 'komentar', 'anda', 'tau', 'minyak', 'dunia', 'sudah', 'turun', 'harga', 'barel', 'jual', 'beda', 'zaman', 'sby', 'harga', 'minyak', 'sentuh', 'barel', 'jual', 'harga', 'l', 'karena', 'perintah', 'hasil', 'duit', 'negara', 'beda', 'sama', 'zaman', 'junjunganlo', 'samping', 'tidak', 'becus', 'urus', 'negara', 'duit', 'hasil', 'tidak', 'nambah', 'hutang', 't']",0
"['si', 'puan', 'puan', 'gimana', 'nih', 'sudah', 'kuasa', 'jangan', 'munafik', 'kasi', 'rakyat']",0
"['gaji', 'presiden', 'juta', 'bulan']",0
"['harga', 'baygon', 'turunin', 'agar', 'orang', 'miskin', 'bondong', 'bondong', 'minum', 'baygon']",0
"['zaman', 'orde', 'gonta', 'ganti', 'presiden', 'negara', 'rakyat', 'sejahtera', 'rakyat', 'selalu', 'tuntut', 'bayar', 'upeti', 'pajak', 'tanah', 'motor', 'mobil', 'barang', 'pribadi', 'pajak', 'jabat', 'partai', 'presiden', 'dewan', 'kabinet', 'ingat', 'pilih', 'rakyat', 'bisa', 'susah', 'rakyat', 'lihat', 'rakyat', 'kerja', 'gaji', 'murah', 'yang', 'karena', 'batas', 'usia', 'ijazah', 'lain', 'mbok', 'ya', 'mikir', 'senang', 'lihat', 'mahasiswa', 'turun', 'jalan', 'perang', 'aparat', 'yang', 'luka', 'mati', 'percuma', 'percuma', 'mikir', 'manusia', 'iblis', 'jahanam', 'wajar', 'rakyat', 'hina', 'karena', 'sikap', 'yang', 'sadar', 'sadar', 'rakyat', 'yang', 'tinggal', 'beli', 'lihat', 'yang', 'makan', 'saja', 'susah', 'usaha', 'pabrik', 'yang', 'bayar', 'upah', 'enak', 'kentut', 'bodoh']",0
"['bond', 'tidak', 'oposisi', 'bak', 'malaikat', 'menang', 'perintah', 'ubah', 'bajing']",0
"['selamat', 'pilih', 'ha', 'ha', 'ha']",0
"['tai', 'cari', 'naik', 'bbm']",0
"['kirain', 'umun', 'mundur']",0
"['tuju', 'bbm', 'naik', 'dpr', 'bubarin']",0
"['minyak', 'selalu', 'turun', 'nya', 'asa', 'minyak', 'tidak', 'turun', 'kalau', 'trurun', 'rupiah', 'saat', 'fokus', 'turun', 'minyak', 'jangan', 'pencitraaan', 'terus']",0
"['rezim', 'mafia', 'laknat', 'bubar', 'pertamina']",0
"['bharata', 'bapernya', 'boss', 'keponya', 'jika', 'ya', 'jika', 'ya']",0
"['drastis', 'air', 'ledeng', 'bbm', 'tu', 'jangan', 'banyak', 'ujung', 'korupsi', 'oknum', 'jabat', 'gaji', 'buruh', 'tidak', 'rakyat', 'miskin', 'makan', 'suap', 'nasi']",0
"['saya', 'bilang', 'jabat', 'sudah', 'mati', 'kg', 'becus', 'kg', 'guna', 'periode', 'kg', 'ubah', 'rakyat', 'hidup', 'sulit', 'butuh', 'kg', 'tanggung', 'tanggung', 'kali', 'bbm', 'naik', 'hati', 'nurani', 'jabat']",0
"['runtuh', 'adil', 'sosial', 'rakyat', 'indonesia', 'solusi', 'cepat', 'atas', 'perintah']",0
"['parah', 'beban', 'harga', 'bbm', 'tolong', 'fikir', 'ulang', 'mending', 'hapus', 'subsidi', 'akibat', 'orang', 'malas', 'bantu', 'untuk', 'mahasiswa', 'orang', 'tua', 'buat', 'daya', 'beli', 'masyarakat', 'kurang', 'tingkat', 'jahat', 'tolong', 'jokowi']",0
"['jokowi', 'biar', 'rakyat', 'mati']",0
"['alhamdulillah', 'pilpres', 'pilih', 'jokowi']",0
"['agar', 'miskin', 'mati', 'tinggal', 'hidup', 'kaya', 'indonesia', 'milik', 'orang', 'kaya', 'sebab', 'miskin', 'mati', 'bagus']",0
"['bantu', 'sumbang', 'jokowi', 'agar', 'utang', 'lunas', 'sudah', 'bingung', 'ngelunasinya', 'kalau', 'rakyat', 'ngebantu', 'puas']",0
"['rezim', 'mafia', 'laknat', 'bubar', 'pertamina']",0
"['kayak', 'jajah', 'perintah', 'saat', 'miyak', 'dunia', 'turun', 'harga', 'tidak', 'turun', 'saat', 'perintah', 'enak', 'nya']",0
['tai'],0
"['cuman', 'segitu', 'naikx', 'jokowi', 'naik', 'agar', 'rakyat', 'senyum', 'malu']",0
"['banteng', 'banteng', 'congor', 'diem', 'zaman', 'sby', 'hina', 'sby']",0
"['pantas', 'masy', 'masyarakat', 'buruh', 'demo']",0
"['semangat', 'juang', 'rupiah', 'kalau', 'keringat', 'rupiah', 'semangat', 'bbm', 'juang', 'rupiah', 'pasu', 'keluar', 'ujung', 'ujung', 'keluarga', 'pusing', 'senang']",0
"['orang', 'gilo']",0
"['babak', 'merdeka', 'indonesia', 'pokoke', 'presiden']",0
"['pimpin', 'kuasa', 'hanya', 'pikir', 'pribadi', 'pikir', 'rakyat', 'mu', 'segera', 'renung', 'taubat', 'banyak', 'istighfar', 'jalan', 'allah', 'swt', 'mahkluk', 'hidup', 'rasa', 'mati', 'harta', 'tahta', 'duduk', 'tidak', 'bawa', 'liang', 'lahat', 'duduk', 'jabat', 'tahta', 'terima', 'tidak', 'gratis', 'pertanggungjawaban', 'allah', 'swt', 'sungguh', 'azab', 'nya', 'pedih']",0
"['harga', 'butuh', 'tapi', 'gaji', 'umk', 'tidak', 'rakyat', 'sengsara']",0
"['kasi', 'pelosok', 'desa', 'ya', 'kota', 'liter', 'harga', 'ribu', 'gunung', 'harga', 'ribu', 'ongkos', 'biaya', 'ojek', 'antar', 'kasi', 'terima', 'bantu']",0
"['tuju', 'bbm', 'naik', 'dpr', 'bubarin']",0
"['kalau', 'perintah', 'pimpin', 'belanda', 'jepang', 'bangsa', 'indonesia', 'sudah', 'makmur', 'perintah', 'indonesia', 'tau', 'nya', 'sengsara', 'peras', 'bangsa', 'indonesia', 'bangsa', 'indonesia', 'lelah', 'bayar', 'upeti', 'makmur']",0
"['rezim', 'mafia', 'laknat', 'bubar', 'pertamina']",0
"['berat', 'sembako', 'berat', 'kaya', 'tidak', 'mikir', 'anjur', 'puasa', 'senin', 'saja', 'ya']",0
"['cabut', 'anggar', 'gaji', 'dewan', 'pihak', 'rakyat']",0
"['sak', 'bu', 'angger', 'dimudunke', 'bbm', 'ne', 'nak', 'bbm', 'mudun', 'rakyat', 'takut', 'mandi', 'bbm', 'ojo', 'lali', 'gajine', 'aparat', 'pns', 'jabat', 'diundakno']",0
"['gaji', 'tri', 'residen', 'turun', 'jam']",0
"['kasih', 'bltpun', 'ya', 'tidak', 'pengaruh', 'sasar', 'nggak', 'salah', 'sasar', 'iya', 'bakar', 'duit', 'saja']",0
"['bbm', 'sembako', 'gimana', 'ini']",0
"['periode', 'tidak', 'prnah', 'milih', 'smaskali', 'stlah', 'hukum', 'indonesia', 'hanya', 'adil', 'orang', 'tindas', 'rakyat', 'periode']",0
"['subsidi', 'beban', 'negara', 'nya', 'sedikit', 'tapi', 'khusus', 'pertalite', 'kayak', 'nya', 'naik', 'nya']",0
"['bu', 'menkeu', 'indonesia', 'staf', 'federal', 'reserve', 'usa', 'usa', 'krisis', 'paksa', 'buka', 'cadang', 'minyak', 'dampak', 'turun', 'harga', 'bbm', 'aneh', 'saat', 'harga', 'bbm', 'dunia', 'turun', 'bu', 'dadak', 'warga', 'miskin', 'ken', 'kasih', 'blt', 'potong', 'uang', 'subsidi', 'bbm', 'bikin', 'inflasi', 'ya', 'tidak', 'bbm', 'dunia', 'harga', 'murah', 'kalau', 'dollarnya', 'bikin', 'mahal', 'nama', 'bijak', 'menkeu', 'pihak', 'untung', 'usa', 'beli', 'bbm', 'murah', 'harga', 'dollar', 'masuk', 'inflasi']",0
"['cuma', 'mau', 'bilang', 'innaaalillaaahiii', 'wainnnaaaa', 'ilaaihiiii', 'roooji', 'uuun']",0
"['mari', 'doa', 'pimpin', 'zalim', 'kena', 'azab', 'pedih', 'doa', 'orang', 'susah', 'zalim', 'kabul', 'amin']",0
"['tidak', 'jokowi', 'karena', 'rakyat', 'tau', 'bayar', 'hutang', 'bangun', 'insfrastruktur', 'besok', 'periode', 'hutang', 'bangun', 'indonesia', 'besok', 'naik', 'bbm']",0
"['ngundakno', 'sak', 'enak']",0
"['ya', 'allah', 'ya', 'robbi', 'bbm', 'pupuk', 'susah', 'didapet', 'syarat', 'listrik', 'hasil', 'rakyat', 'susah', 'bagi', 'dagang', 'bbm', 'tenaga', 'kerja', 'keluar', 'belum', 'sangkut', 'bank', 'setor', 'belum', 'butuh', 'hari', 'suap', 'nasi', 'keluarga', 'tani', 'pupuk', 'mahal', 'susah', 'didapet', 'harga', 'padi', 'murah', 'beras', 'murah', 'keluar', 'nanam', 'tenaga', 'pupuk', 'telaktor', 'pajak', 'keringat', 'cucur', 'banding', 'hasil', 'ngelus', 'dada']",0
"['kayak', 'jajah', 'perintah', 'saat', 'miyak', 'dunia', 'turun', 'harga', 'tidak', 'turun', 'saat', 'perintah', 'enak', 'nya']",0
"['bbm', 'demo', 'blt', 'dnl', 'turun', 'tidak', 'demo']",0
