comments,label
"BBM NAIK, BANDINGKAN HARGANYA DENGAN SINGAPURA, MALAYSIA DAN BRUNEI-&gt; <a href=""https://wow.tribunnews.com/2022/09/03/bbm-naik-berikut-perbandingan-harga-di-indonesia-dengan-singapura-malaysia-dan-brunei"">https://wow.tribunnews.com/2022/09/03/bbm-naik-berikut-perbandingan-harga-di-indonesia-dengan-singapura-malaysia-dan-brunei</a>",negatif
Seng setuju mundak berarti goblok.<br>Jokowi kongkon melek.<br>Ngoros BBM isok malah blt tepat sasaran.,negatif
"jokes standup kaka lucu sekali,<br> lapangan pekerjaan sama pendapatan masyarakatnya gak dilihat... ğŸ˜­ğŸ˜­ğŸ˜­ğŸ˜­",negatif
Kok yo dibanding bandike sama UMR besar woy,negatif
Gagal total jokowi,negatif
"Pindah sana. Ke planet jgn hidup di indonesia,kalau negara lain upah kerja naik cuy.",negatif
jadi kangen di bawah pimpinan pak SBY di mana bbm 5000 rupiah ekonomi negara stabil pembangunan juga meluas,negatif
"sebenarnya bisa kok pak kasih subsidi bbm, cuma masalahnya bapak mau gak kasih itu,,, bantuan bbm langsung tunai dihapus karna dari sekian banyak bantuan semuanya gak ada yg tepat pak, harus di ingat itu, siapa yg deket dengan.perangkat desa itu lah yg dapat itu fakta dilapangan, bapak gak tau itu,<br> bantuan itu gak perlu, justru bantuan itu bisa dibuat subsidi yg bisa dirasakan semua masyarakat indonesia tanpa pilih kasih itu lah yg adil",negatif
"ğŸ“ UDIN DAGANG BBM<br><br>Kalau anda pedagang BBM, dan dapat izin impor dan distribusi BBM. Gimana caranya ? Mari kita simak Udin pedagang sempak. Katakanlah anda tidak ada storage, tidak ada refinery. Anda belaga bego aja. Beli Minyak di Singapore. Gimana harganya ? ikuti MOPS. Enggak usah khawatir akan dibohongi. Karena harga MOPS tersebut relatif sejalan dengan indeks harga yang dipublikasikan lembaga lain <i>(Energy International Administration)</i> dan beberapa Negara-negara lain.<br><br>Kalau anda beli harga MOPS itu sudah termasuk gas oil, migas, jetA-1/kerosene, HSFO, LSWR, Naphtah etc. Nah anda kan mau jual BBM dalam bentuk Bensin, Solar dan minyak disel kapal doang. Jadi gimana? kontrak aja dengan refinery singapore. Biaya refinery per barel USD 5 atau Rp 500 per liter. Nah karena anda hanya perlu besin dan solar doang, terus  gimana bisnis hitung-hitungan agar bisa dapat Cuan? <br><br>Belaga bego aja. Kan pasar BBM di Indonesia lebih banyak oktan 90 sejenis Pertalite. Anda katakan kepada refinery 90% oktan 90 dan sisanya diatas 90 dan sisanya lagi solar. pasti refinery setuju dan happy. Karena olah oktan 90 lebih mudah dan murah. Sementara produk turunan lain kan engga diambil. Itu dapat diskon  lagi ongkos refinery. Hitungannya sesuai harga nafta dan lain lain. Keren ya. Murah banget ongkosnya. <br><br>Terus kontrak lagi dengan bunker provider untuk sewa  storage dan kontrak dengan kapal untuk angkut. Total biaya ya sekitar Rp 1500/liter. Jadi kalau harga MOPS per liter Rp 6075 ( usd 405/MT). Ditambah biaya refinery Rp 500/liter dan biaya storage dan angkut Rp 1500/liter. Total harga siap jual Rp 8.075 /liter. Ditambah margin Rp 500/liter jadi Rp 8.575/liter. Tambah pajak 15% jadi harga jual Rp 9861/ liter. Itu harga untuk bensin, solar dan disel kapal. Hitung aja berapa untung kalau jual Pertalite per liter. <br><br>Kalau anda jadi calo doang dengan Pertamina. Maka untung dari negosiasi dengan refinery, kapal, storage masuk kantong ada. Karena pengurangan cost dan diskon refinery untuk anda. Itu bisa USD 2/ barel. Kalau sehari 800.000 barel maka cuannya USD 1,6 juta/ hari. Keren ya. <br><br>Nah terusâ€¦ Pertamina tagih subsidi ke pemerintah,  sekitar 4000-7000/liter, patokan hitungannya harga ICP dan cost refinery punya Pertamina ( engga efisien ) dan distribusi. Itu jatah rente Senayan. Mantap ya. Semua Happy.<br><br>â™»ï¸ Bung EJB â™»ï¸",negatif
Cabut anggaran untuk gaji dewan karena  tidak berpihak rakyat...,negatif
"Wahai pemimpin, penguasa yg hnya memikirkan pribadi, tanpa memikirkan rakyat mu,,,, sgera merenung, bertaubat, perbanyak istighfar, dan kembali ke jalan ALLAH SWT<br><br>Ingat <br><br>Semua mahkluk hidup akan merasakan kematian, harta tahta, kedudukan tdk akan dibawa ke liang lahat<br><br>Kedudukan, jabatan, tahta yg kalian terima tdk ada yg gratis pasti semua diminta pertanggungjawaban sama ALLAH SWT<br><br>Sungguh azab nya sangat lah pedih...",negatif
"MIKIR TU KE RAKYAT MISKIN,SAWIT DI TURUN KAN HARGA KARET,SEMBAKO NAIK,,, RAKYAT MISKIN MAU MKN APA,,,, JGN SAMA KN DGN NEGARA LUAR YG GAJI DAN PENDAPATAN SESUAI.",negatif
"Katanya minyak dunia mahal,kenapa di malaysia sekarang cuma 6 ribuan harganya,,jauh banget",negatif
Tolong ba a Jokowi kami orang miskin,negatif
"Ya Alloh ya Robbi,,,BBM naik,pupuk naik juga susah didapet banyak persyaratan ini itu, listrik naik,,, penghasilan kami rakyat kecil susah karena banyak yang dibagi bagi, pedagang ,BBM naik,tenaga kerja, pengeluaran ini itu,blm sangkutan dengan bank tiap bulan harus stor,blm kebutuhan sehari-hari cuma untuk sesuap Nasi buat keluarganya, petani pupuk mahal susah didapet harga padi murah beras murah  banyak pengeluarannya,buat nanam tenaga,pupuk telaktor pajak dan masih banyak lagi yang lainnya,keringat yang bercucuran tidak sebanding dengan penghasilannya dan masih banyak lagi yang lainnya...ğŸ˜­ğŸ˜­ğŸ˜­ğŸ˜­ğŸ˜­ğŸ˜­ğŸ˜­ğŸ˜­ğŸ˜­<br>Cuma bisa ngelus dada",negatif
Ini kita aja enggak ada sama sekali dapat blt dari kantor dinas sosial coba bayangkan pak orang yang susah enggak ada kerjaan menghidupkan anak sama istri pak ğŸ˜­ğŸ˜­ğŸ˜­ğŸ˜­ğŸ˜­<br>Di dinas sosial sanggta,negatif
Apaan ini kita aja yang datang ke kantor pos aja pak engak ada dapat mana kita fakir miskin pak yang butuh juga pak sama kantor dinas sosial coba pak di lihat pak dinas sosial pak,negatif
Tai,negatif
Seng setuju mundak berarti goblok.<br>Jokowi kongkon melek.<br>Ngoros BBM isok malah blt tepat sasaran.,negatif
Sri mulyani ngomong triliun&quot;.. kagak mudeng wong cilik,negatif
Bapak yang terhormat tolong jangan dinaik BBM,negatif
"Banyak orang yg sok kaya dengan membeli mobil, tapi ujung2nya beli bbm pertalit. Padahal spesifikasi bbm yg harus dipakai minimal ron 92. Ini yg akhirnya menyebabkan subsidi pemerintah untuk bbm naik. Padahal subsidi diperuntukkan bagi rakyat kecil (ekonomi pas2an).",negatif
Melindungi melundingi  rakyat ğŸ’© lu,negatif
DARI JAMAN ORDE BARU SAMPAI SEKARANG.. WALAUPUN GONTA GANTI PRESIDEN. KEADAAN NEGARA INI TETAP SAMA. RAKYAT TIDAK PERNAH SEJAHTERA PADAHAL RAKYAT SELLU DI TUNTUT BAYAR UPETI SEPERTI PAJAK. DARI TANAH SAMPAI MOTOR MOBIL BARANG PRIBADI SEMUA ADA PAJAKNYA..SEMUA ITU BUAT APA.. KALIAN PARA PEJABAT DARI PARTAI PRESIDEN DEWAN DAN KABINET.. INGATLAH KALIAN SEMUA DI PILIH OLEH RAKYAT.. KOK BISANYA KALIAN MENYUSAHKAN RAKYAT KECIL. LIHATLAH KAMI PARA RAKYAT KECIL INI KERJA GAJI MURAH .DAN MASIH BANYAK JUGA YNG TIDAK BEKERJA KARNA KETERBATASAN USIA. IJAZAH. DLL.... MBOK YA MIKIR KALIAN SEMUA.. KOK SENANGNYA LIHAT MAHASISWA TURUN KEJALAN PERANG DENGAN APARAT SAMPAI ADA YNG LUKA HINGGA MATI SIA SIA.. MIKIR DONG KALIAN INI MANUSIA APA IBLIS JAHANAM. WAJARLAH RAKYAT MENGHINA KALIAN KARNA SIKAP KALIAN YNG SEENAKNYA SENDIRI. SADARLAH SADAR KALIAN SEMUA JANGAN HANYA MELIHAT RAKYAT YNG MAMPU SEPERTI KALIAN MAU APA TINGGAL BELI.. LIHATLAH KAMI KAMI YNG TAK MEMPUNYAI APA APA BUAT MAKAN AJA SUSAH. BUKAN LAGI PARA PENGUSAHA PABRIK YNG MEMBAYAR UPAH SEENAK KENTUT MEREKA. GOBLOOOOK...,negatif
Buatlah keputusan yg adil dan seimbang . Jgn sapai yg kaya semakin kaya. Yg miskin semakin menderita.,positif
Ga pa bbm naik asal seimbang dgn penghasilan rakyat.,positif
Kalimatan barat harga solar di daerah saya 20000/liter di kios,positif
"Jokowi adalah Presiden pengkianat Pancasila,karna Jokowi TDK berperikemanusiaan dan berperikeadilan dalam menaikkan BBN ,maka rakyat menjadi menderita,dan jadi miskin.<br>Kedua Jokowi dan para menterinya telah mengkuanati konstitusi UUD45 pasal 1 ayat 2 ,bahwa kedaulatan ada di tangan rakyat dan dilaksanakan menurut Undang Undang Dasar.dg ini Jokowi lah pengkianat ya dia menaikkan BBN menurut nafsunya sendiri.<br>Jokowi juga telah melanggar Konstitusi UUD45 pasal 7 ayat 7a.bagwa Jokowi telah mengkuanati konstitusi UUD 45 .yaitu mengkuanati negara shg rakyat menjadi menderita dan digilas dg hitungan Menkeu dan Jokowi sendiri.maka Jokowi lebih baik turun jadi presiden.sdah TDK becus jadi presiden TDK bisa mengendalikan harga.maka rakyat,pelajar ,Mahasiswa harus turut mengambil alih kekuasaan untuk mengambil kekuasaan sesuai dg konstitusi tersebut.<br>Jokowi pengkianat Pancasila dan Juga UUD,46.ksrna telah berkianat kepada.rakyat.ASN.TNI,dan POLRI.karna menyalahgunakan dan mbelokkan dari nilai Pancasila SBG Dasar negara dan konstitusi UUD 45.Jokoei penindas rakyat dan pengkuanat rakyat beserta Srimulya ni.Fuan Maharani.sbg ketua DPR adalah pengkianat negara",negatif
Tukang ojek online juga bagian dari rakyat pak.,negatif
Terima saja dan gak usah pada teriak.. kan kalian sendiri yg dulu memilihnya... <br>Selamat menikmati kenaikan BBM.. dan salam gigit jari...,positif
Mampu beli kendaraan harus nya juga mampu membeli bbm kalau gak mampu beli bbm jual jalan kaki gratis atau naek sepeda juga gratis,positif
Siapapun pemimpin x seiring berkembangx jaman pasti akan mengalami kenaikan BBM ... Santay saja.... Mampu beli kendaraan masa ga mpu beli bbmğŸ¤­ğŸ¤­ğŸ¤­,positif
pertamina merem aja untung... iya lah untung masyarakat bawah seperti saya di cekik biar bisa memenuhi kebutuhan....,negatif
Bbm naik dingin2 empuk...media pada diem.,negatif
Kita cuma tinggal bangun negri ini bersama dengan gotong royong. Klo cuma sebagian harta kita sumbangkan untuk membangun negri ini saja ente pada teriak2. Gimana ente hidup jaman perang.  Ente siap g korbanin nyawa harta semua demi kemerdekaan Indonesia.  Kayanya orang2 kaya gini  yg dulunya jadi Demang Ama centengny kompeni.  Nggak punya otak,positif
Orang pada sekolah tinggi tapi otak udang.  Munafik. Kepentingan pribadi diatas namakan penderitaan rakyat.  Orang yg gembar gembor nolak BBM naik padahal g tau rasanya makan nasi cuma pake garam.,negatif
Coba lah berfikir positif itung-itung kita nyumbang negara biar negara makin maju.  Biar anak cucu kita nanti lebih jaya...... Indonesia jaya,positif
Yg pusing mah orang yg pada punya mobil yg sekali Isi BBM g cukup 100k<br>Klo kaya saya pny mobil jg g . BBM naik berapa jg g ngaruh....,positif
Saya jg orang susah jualan sehari dapet untung cuma buat makan tapi ikhlas bantu negara ini,negatif
Klo buat beli rokok masih bisa  Dan beli chip masih sanggup masa nyumbang buat negara sendiri pada ribut.,positif
BBM naik segitu aj ributnya kaya mau mati.,positif
Saya ko jadi pengen ketawa....  Yg teriak2 rakyat menderita itu emang hidupnya sesusah apa sih....,positif
pak selanjutnya tolong pupuk subsidi di naikan ya.. habis itu kasih BLT. biar masyarakat tambah senang..,positif
"WOY.....judi&amp;narkoba mainan para mafia.mafia migas itu nyata, mafia migor itu ada, mafia tambang itu tamak, mafia politik itu kejam..para adik&amp; kk asuh sambo menggeliat demi periode bersambung.....jangan jual diri kalian pada rejim mafia terlaknat ini...................",negatif
naikin UMP,positif
Naik BBM judulnya ujung ujung iming iming dapat bantuan modus lama pak,positif
Pak gaji buruh naiki juga biar sama dengan gaji DPR pak,positif
lanjut kn mahasiswa.demo lh besar besaran..jika perlu turun kn PK Jokowi &amp; ibu sri,negatif
Di kampungku desa Ngampel wetan Ngampel Kendal Jawa tengah Indonesia (blt  tidak tepat Sasaran)ğŸ˜¢ğŸ˜¢ğŸ˜¢,negatif
Klau pemerintahnya di pimpin  Belanda atau Jepang aku yakin pasti bangsa Indonesia udah makmur...  Dari pada  pemerintah Indonesia tau Nya menyengsarakan  memeras bangsa Indonesia..bangsa Indonesia lelah bayar upeti tapi tak makmur..,negatif
"Pantauan setelah Pertalite naik cek <a href=""https://youtu.be/Zeh05ofx46c"">https://youtu.be/Zeh05ofx46c</a>",positif
Kalau memang keputusan itu Final di massa baru keluar dari Covid <br>Terserah lah Kami Rakyat kecil ini hanya bisa apa?<br>Ingat Pak kami Rakyat Mu orang yg tidak Mampu,negatif
"ini  bu sri menkeu Indonesia atau staf federal reserve USA? karena USA lagi krisis dan terpaksa buka cadangan kilang minyak mereka sehingga berdampak pada penurunan harga BBM.<br>anehnya disaat harga BBM dunia lagi turun, bu sri mendadak ingat warga miskin pengen kasih BLT tapi potong uang subsidi BBM, yg ada malah bikin inflasi... ya gak ada artinya dong BBM dunia harganya murah kalo dollarnya kita sendiri yg bikin mahal. itu namanya kebijakan menkeu yg berpihak pada keuntungan USA, dengan cara kita membeli BBM murah menggunakan harga dollar yg tinggi ketika masuk inflasi",negatif
"Diujung pemerintahan mu pak de, kau membuat banyak org sedih",negatif
Parah pak. Sangat terbebani dengan harga BBM yg naik. Tolong di fikir ulang pak. Mending hapus subsidi yg mengakibatkan org menjadi pemalas. Cukuplah bantuan utk mahasiswa dan untuk orang yg sudah tua. Ini mbuat daya beli masyarakat semakin berkurang. Tentu akan meningkatkan kejahatan. Tlg pak jokowi.,negatif
"<a href=""https://youtu.be/Zeh05ofx46c"">https://youtu.be/Zeh05ofx46c</a>",positif
Bantu sumbangan untuk jokowi biar utangnya lunas mungkin dia udah bingung cara ngelunasinya. Kalo kita takyat kecil ngebantu mungkin dia puas,negatif
"Jgn sogok rakyat dgn BLT,  itu tidak baik. Presiden di gaji di siapkan semua kebutuhannya, tugas utama cuman 2  mencerdaskan kehidupan bangsa dan memelihara fakir miskin.   Kami rakyat gaji presiden, kami gaji pekerja kontrak. Yg di gaji kerja ga becus. Kami tidak percaya PRESIDEN. Kecerdasan kehidupan bangsa tidak meningkatkan, fakir miskin semakin bertambah. Presiden ngapain saja? Lebih baik membangun Jln pikiran daripada Jalan toll.  Yang jelas ini nanti meninggalkan beban yg sangat besar Untuk presiden selanjutnya. 10 tahun ngapain saja jadi presiden?",negatif
<b>NEGARA GAGAL</b> ğŸ³â€ğŸŒˆğŸ³â€ğŸŒˆğŸ³â€ğŸŒˆğŸ³â€ğŸŒˆ,positif
"si puan mana puan.  gimana nih. kan udah berkuasa, jngn munafik lah. kasian rakyat",negatif
lucnat pemerintah<br><br>hancurkan banteng,negatif
"Woy...MAFIA ITU nyata, mafia MiGOR itu ada, Efek judi online si sambo yg keok, mafia tambang bukan halu dan saat ini pertamina digenjot dana untuk misi 3 periode/penerus.muke gile..Rejim Mafia Terlaknat...bubarkan pertamina dari para mafia...berjuang!! Bebaskan negeri ini dari tirani mafia.........cabut mandatnya...",negatif
"Subsidi untuk orang2 kecil tidak merata,pendataannya,mesti tidak tepat sasaran.",negatif
Yang nangis2 kalau bbm naik.aekarang ke mana ya orangnya.kok g nangis2 lagi bbm naik.,negatif
Pemerintah kocar kacir jalan satu satunya naikan bbm .rakyat semakin semakin miskin ini imbasnya harga bahan pokok naik subsidi tetap gagal pengawasannya lmhnya pemerintah pengawasannya lmah,negatif
Mbok ya sudah to pak. Kasihan rakyat kecil. Bukannya njenengan juga pernah menjadi rakyat kecil ??? Masih ingat to pak ? Gusti Allah mboten sare pak ğŸ™,negatif
"subsidi diahlihkan rakyat dpt bantuan,.. llu pemerintah gak sadar ya klo bbm naik harga sembako dll juga naik..ğŸ˜‚ğŸ˜‚ğŸ˜‚",positif
"mereka gk sadar ya,, dampak dari kenaikan BBm ini besar,, terutama sembako,.. bantuanÂ² yg diterimah dri pemerintahpun tidak bisa mengcover kebutuhan... miris negeri ini..ğŸ˜­",negatif
"Inilah alasan saya untuk selalu golput... Karna percuma,mau siapa pemimpinya rakyat ttap jdi korban,,, bersyukur saja untuk rakyat yg masih bisa bertahan",positif
Srimulyani bisa gak ya rumusin bbm seperti ini. <br>Khusus area jakarta <br>Kendaraan pribadi semua jenis BBM = 100rb/liter status swasta<br>Kendaraan umum semua jenis BBM = 1rb/liter dan status perusahaan milik pemerintah<br>Korbankan bansos dihilangkan,positif
Semoga harga garga fada turun yg fada korufsi fada modar kena ajab amin,negatif
Tulung trunkan harga bensin dan solar pa kalo solar naik bensin baik kami yang para supir bakal kena imbas nya pa,negatif
Ngundakno sak enake udule,negatif
Sebenarnya bantuan BLT itu tidak efektif kalo bisa contoh gus Dur gaji yg  kecil d naikkn 3 kalilipat itu yg bener jadi karyawan yg gajinya 3jt 500 d naikkn ato d tambah biar bisa terbantu perekonomiannya,positif
Kalau naik jangan nanggung sekalian 20000 rp per liter kan tetap dibeli orang wong ....hal itu bisa menguntungkan pengelola,negatif
Semoga Puan menangis mendengar kenaikan harga BBM ğŸ˜­,negatif
Beda zaman ğŸ˜‚ğŸ˜‚,positif
"Terimakasih atas kebijakan nya ,, harga BBM naik ,, <br><br>Kerenn ,, yuu 3 priode",positif
Ayo invansi  lo wi wi...,positif
Wi wi......3 priode......mati berdiri kami,negatif
Sy sbagai rakyat se7 aj minyak naik tpi pemerintah harus juga menyuruh perushan juga menaikan gajih kariawanya,positif
ğŸ¤£ğŸ¤£ğŸ¤£ğŸ¤£ğŸ¤£ğŸ¤£ğŸ¤£ğŸ¤£ğŸ¤£ğŸ¤£ğŸ¤£ğŸ¤£ğŸ¤£ğŸ¤£ğŸ¤£ğŸ¤£ğŸ¤£ğŸ¤£ğŸ¤£ğŸ¤£ğŸ¤£ğŸ¤£ğŸ¤£ğŸ¤£ğŸ¤£ğŸ¤£ğŸ¤£ğŸ¤£ğŸ¤£ğŸ¤£,positif
Pemerintah gak jelas,negatif
Efek perang Rusia Ukraina negara bertahan utang naik kalian demo. BBM naik kalian demo. Terus negara ini harus bagaimana kalau tekanan inflasi.,negatif
Akan lebih baik disamakan harga industri.atw subsidi dihapus agar ridak ada cela bagi oknum untuk mencuri karna skema tarifnya tidak memberi perbedaan perbaikan .tetap memberi celah besar untuk dikorupsi,positif
"Skrg, definisi org mampu pak jokowi itu yg mana? Yg gaji diatas UMR? Rentang berapa? 5jt masuk org mampu gak? Pedagang termasuk org mampu gak? Pedagang kan tdk ada pendapatan tetapnya, kadang bisa dapat hanya 2jt, kadang bisa lebih 5jt. Lalu BLT ini kan katanya sasarannya hanya untuk warga miskin, lantas yg gajinya di atas UMR pasti sudah tdk dapat, padahal gaji diatas UMR saja sebelum kenaikan harga sudah harus irit pengeluaran. Kenapa tdk buat kebijakan yg lebih logis? Cari cara untuk klasifikasi kendaraan mewah dan bukan, supaya yg betul&quot; mampu tdk lagi menyalahgunakan. Bukan mencari cara mudah dgn langsung menaikkan BBM subsidi untuk semua golongan masyarakat, jujur kali ini saya kecewa dengan kebijakan pemerintah.",negatif
"Saya rasa kenaikan harga bbm bersubsidi yg sangat drastis jangan dulu lah pak, kasian anak&quot; mahasiswa perantau yg hari&quot; pakai motor berangkat kampus, uang dari kampung saja sudah pas pasan, kalau bbm bersubsidi naik, mau tidak mau bahan pokok juga naik, krn biaya transportasi untuk distribusi bahan pokok dari petani ke masyarakat kan kebanyakan masih pakai bbm subsidi, lagipula skema bantuan langsung tunai kan per keluarga doang, bagaimana dgn mahasiswa yg merantau? Saya yakin para pemegang jabatan juga pernah jadi perantau di kampung orang dan merasakan susahnya kalau ada kenaikan harga. Untuk kenaikan harga BBM cukuplah buat yg memakai kendaraan mewah. Kalau bbm bersubsidi naik maka selayaknya UMR juga naik, krn harga juga akan naik ğŸ˜”. Kalau UMR naik, perusahaan juga jadi payah. Apalagi kenaikan harga BBM subsidi ini cukup significant dari sebelumnya, harusnya kalau mau dinaikkan, naikkan perlahan.",negatif
Dah naik aja gak ada barangnya,positif
Yo..wis..ora..opo..opo..semoga..dg..kenaikan.bbm..bangsa..indonesia..ditambah rejekinya...nggak.usah diberi.sub sidi..biar mandiri..memangnya siapa harus menerima subsidi..atau..bantuan langsung..sasaran..tdk tepat..selalu salah sasaran..saya jg..nggak pernah..terima..bantuan..apa cuma hitungan teori aja padahal uangnya tdk ada...,positif
pemerintah tidak.bis mengelolah hasil.bumi indonesia terlalu.banyak yg NGEBACOT NKRI.PADAhal.merkah.merusak negri .sperti.korupsi mengbur aburkan agaran  yg ngk jelas......... <br>SMEUAH AGARAN PERMIMTAH YG TURUN KE.MASING.MSING ITU NGK  JELAS. DAN TIDAK TEPAT SASARAN.....pemrintah tidak.bisa berupaya karena hukum.korupsi tidak tegas di.negri.ini.tegas dong biyar.pempipin.negara tidak.rakus <br>HUKUM MATI.baru.lah bisa.ada.efek.jerah  SEMUAH istansi    di dalam ya penuh dengan mafia....  .liat rakyat .dong harapan ya di bahan.bakar agar bisa  nafas.dalam rumah tanga..... kalian cekik...buat.kalian uang 1000  2000.itu.kecil.buat kami itu sangat besar...saya peribadi merasa kesal dengn.pemrintah  sekrng ..apalgai.liat media  instusi yg di harapkan.sajah  bobrok.... kapolri. sudah tidak.bisa di percaya apagi pemrintah ini..kalian semuah penghiyanat bangsa,negatif
Rejim Mafia Terlaknat...bubarkan pertamina..,negatif
Byk komen cuma 10ribu dh menjadi miskin org tinggal di kota pun turut miskin gaya nya......pemerintah memikirkan terlalu jauh kehadapan untuk rakyat nya dari itu dokong ja semoga mendapat menafaat kehadapan nya aamiin...cuma 10 ribuan duang ko,negatif
"Sangat setuju,,, hapus saja subsidi ,,,samakan dg negara lain,,, (negara tetangg) biar rakyat kecil mati sekalian,,, jadi Indonesia makmur,,sbb yg hidup hanya orang kaya,,, betul kan brooo,,,???",positif
"LG rame kasus Sambo aja blm clar,,, ada LG BBM naik,,, payah lah,,,",negatif
Rejim Mafia Terlaknat...bubarkan pertamina.,negatif
ahhhkkk babi,negatif
Kalo ga begini pendukung fanatiknya ga kapok2x biar sadar sekalian wkwkw kalau perlu naikin lagi sampe 100rb / liter ğŸ¤£ğŸ˜ ngakak aja deh,negatif
Minyak sllu naik ...?<br>Kapan turun nya pak ...<br>Perasaan minyak ngak pernah turun KL pun trurun 100 -400 rupiah ..<br>Pas naik 500- 2500..<br>Fokus penurun minyak woi jgn pencitraaan trus ...,negatif
Ku tunggu tangisnya megawati.,negatif
Bbm jenis partalite naik jadi 10.000 rupiah rakyat indonesia sdh demo di malaysia harga partalite 4ringgit lebih  tdk ada demo 4rnggit = 14.400 rupiah,positif
ğŸ¤¦ğŸ¤¦ğŸ‘ğŸ‘,negatif
"BBm naik Rakyat semakin di buat sengsara/<a href=""http://menderita.ke/"">menderita.ke</a> bijakan apa yg bisa di buat bggah.",negatif
"Banyak sekali momen kebijakan pemerintah yang &quot;kontroversial&quot; namun informasi-informasi yang ditunjukkan/disebarluaskan ke publik oleh media dan pihak terkait, hanya berfokus tentang pernyataan/penerapan kebijakannya saja. Paadahal, menurut saya, yang lebih penting adalah penjelasan dari pihak pemerintah/pihak-pihak yang menerapkan kebijakan tentang mengapa diputuskan bahwa kebijakan tersebut diterapkan, apa saja faktor penyebabnya, apa saja faktor pertimbangannya, tunjukkan data utama yang mudah dipahami masyarakat awam, dan pertimbangan-pertimbangan dari pihak-pihak lainnya yang mempengaruhi keputusannya. <br><br>Di masa sebelumnya informasi dan publikasi yang tersebar hanya berfokus tentang penerapan kebijakan yang seolah-olah dilakukan oleh lingkaran pihak pemerintahan saja, secara sepihak, terhadap kemaslahatan masyarakat yang berada di luar lingkaran itu. Pada saat-saat itu, saya mengharapkan adanya penyampaian alasan yang rinci dari pemerintah, namun nampaknya penyampaian tersebut kurang atau tidak ada sama sekali. Penyampaian alasan secara rinci (namun bisa dipahami secara umum) diberlakukannya kebijakan-kebijakan yang &quot;kontroversial&quot; seperti ini perlu dilakukan oleh pemerintah, baik di periode pemerintahan saat ini, maupun periode-periode pemerintahan di masa depan. Perlunya penyampaian alasan itu penting, karena masyarakat perlu ditunjukkan dengan kebenaran yang se-lengkap-lengkapnya, agar miskomunikasi, mis-persepsi, dan negative-thinking masyarakat dapat sangat diminimalisir, dimana dengan begitu, integritas masyarakat kita akan naik dari waktu ke waktu. Saya yakin pemerintah bisa melakukan hal ini.<br><br>Untuk itu, saya menyarankan pemerintah Indonesia di periode ini, dan periode-periode di masa depan, untuk melakukan penyiaran/broadcasting se-masif-masifnya tentang alasan/pertimbangan/faktor-faktor penentu/pendesak/pendorong diterapkannya suatu kebijakan yang &quot;kontroversial&quot;, beberapa hari sebelum kebijakan tersebut diterapkan. Hal ini bisa dilakukan dengan menggunakan pengiriman pesan melalui aplikasi kependudukan, streaming YouTube dalam rangka pers, maupun broadcast melalui berbagai brand media sosial oleh akun-akun resmi pemerintahan. Dan saya juga yakin, banyak orang Indonesia maupun orang luar negeri yang menginginkan hal ini dilakukan oleh pemerintah kita. <br><br>Pemerintah Indonesia tentunya terdiri dari individu-individu masyarakat Indonesia, seperti masyarakat (orang-orang) yang berada di luar lingkup pemerintahan. Maka penyampaian/penjelasan penerapan kebijakan seperti yang saya sampaikan itu akan menjadikan komitmen ketransparanan pemerintah, sebagaimana mereka &quot;berada di tempat yang sama&quot; dengan masyarakat awam.",positif
Hulap pokonamah,positif
"nyesel  gue dulu waktu pemilu milih elu jokowi,. nih elu bayangin orang yg gajinya cuma 70rb sehari.. pulang pergi naik motor.. naik segitu juga buat gue terasa banget. makan apa coba anak bini gue? makan dedek??",negatif
"Sy hidup enak di jaman pa Sby,,uph UMR,,bbm murah,,skg krj di PT gaji ngelawak,,sembako pd naik,,bbm naik semau ny,,,gmn rakyat pd g stres,,",negatif
ğŸ‘,positif
Petramax eceean 16 rb perliter,positif
Gegara Keserakahan SULTAN MINYAK GABENER bikin Semua Warga NKRI MENDERITA !!!,negatif
Mundur saja klo hnya bikin susah rakyat ..klo punya malu n khormatan klo GK mmpu urus bngsa mundur,negatif
Jangan terlalu munafik jadi orang,negatif
Bgemna dengan petani,negatif
Penyesuian yang bikin masyarakat susah dengan harga BBM,negatif
"mantap, cocok 4 periode",positif
Pemerintah Kon**L skalian aja naik smwa nya ..  biar lu smwa pda seneng dan rakyat yg menjerit !!! Jadi kangen jaman SBY ..,negatif
"Pertilite subsidi terbatas hanya untuk masya dak mampu yaitu punya  1 motor atau mobil angkot,selebihnya tidak boleh Krn org miskin jelas tidak mampu beli mobil. pengisiannya diatur hrs satu kali/hari agar tdk disalah gunakan titik.",positif
"KAMI NELAYAN YRADISIONAL INI MAU MAKAN APA OLEHNPEMERINTAH INI , SEDANGKAN HARGA IKAN TONGKOL SEGAR DR NELAYAN 15RB/KG SEMINGGU UNTUNG DPT .PEMAKAIAN BBMNYA  25L/HR",negatif
"BBM naik,,, Rakyat Indonesia semakin MENDERITA,,, Karna keadilan HUKUM Janji pak JOKOWI DI BUKA SECARA TRANSPARAN DAN BUKA BUKAAN Jangan ada yang di tutupin,,,<br>Rakyat Indonesia dari Sabang sampai Merauke menanti janji JOKOWI,,,, <br>PARAH,,,,",negatif
lier wi lier. loba teuing ngurus proyek lah silaing mah.,positif
"Jangan cuma mencabut subsidi bbm, tolonglah kami sebagai petani terutama pateni kelapa tolong bagi para pemangku kepentingan dipikirkan juga harga produkten &quot;harga kopra anjlok&quot; petani kopra menjerit",negatif
"HHHHHHHHHHHHHHH KOK BEGITU KALOK POLITIK  SINGGUNG KENAIKAN MALAH JADI  SEPERTI INI NAIK   ADA APA INI  ,ATAU MASIH ADA MAPIA BAJAK DARAT IA HHHHHHHHHH",negatif
Kami rakyat kecil slalu mendukung pemerintah..yg penting subsidi bbm dan gas tepat sasaran....untuk gas 3 kg ini perlu di rubah catnya untuk masyarakat yg mendapatkan blt dan pkh..tdk apa warna hijau 3 kg tp harganya disesuaikan dgn yg tdk dpt subsidi..jd lebih jelas.,negatif
Suksidi yg tepat ssaran..tpi bpk haruss mnempatkn bantuan haruss tepat sasaran jugak..karna saya rakyt kecil usaha kecil tk pernah dapat bantuan sepeserpun.....,negatif
"BBM naik,  terseh kamu( pemerintah) kami sebagai rayat jg percuma mau demo pasti tak di gubris .. bbm 100 ribu pun kalian ttp bsa makan mewah.. tpi kami rakyat kecil makan pun beras jata raskin yg pantas utk makanan ayam",negatif
Bpk tolong lihat orang DESA  plosok banyak menderita mau pakai mesen solar naik bensin naik jadi sulit mau nanam padi  . KL orang atasan  naik bensin senang AMIN. LIHAT ORANG BAWAHANYA BPK,negatif
Kpn BLT buat karyawan keluarnya pa..,negatif
Ngono nek ngomong katanya negaranya maju mana apanya yg maju sembarang mahal kok cari krj jg susah kok maju cangkeme Podo rusak pejabate  nek GK ISO ngatur Negoro mundur ae Lo beres urusane pk,negatif
"PPN,PPh naik, hasil bumi Indonesia dll kemana hasilnya?<br>membangun sana sini hasil hutang dan investasi asing... lalu pembangunan dll dibagi2 kan ke asing trs rakyat TDK di subsidi,sdgkan pejabat negara , MPR/DPR difasilitasi??<br>lalu bagaimana rakyat?<br>rakyat narik nafas panjang semakin terasa sulit mencari sana sini menghidupi keluarga nya,sdgkan mereka yg sebagai pemimpin berjoged ala tiktok?<br>menikmati hasil jerih payah para rakyat yg menjerit?<br>sungguh inilah gambaran negeri ini? pencitraan sana sini tapi sebenernya hanya ingin mencekek tenggorokan rakyat<br><br>subsidi itu layak buat rakyat? <br>lucu sekali negeri ini<br><br>bantuan BLT, buat apa dipilih2 ,dgn kenaikan BBM semua rakyat berpenghasilan rendah menjerit, Lucunya lucunya para penjarah ngeri ini yg bertitel pejabat??",negatif
BUZER OYYYY BUZERR  MANA KALIAN????,positif
@Sianu hahahaha...,positif
Jualan minyak,positif
Dengan naiknya BBM maka selanjutnya akan diikuti kenaikan harga PLN BPJS PPN GasLPG Pajak Kendaraan PDAM beras terigu cabe kedelai daging telur gula  dll....................sehingga rakyat jadi sejahtera ğŸ¤£ğŸ¤£ğŸ¤£ğŸ¤£ğŸ¤£ğŸ¤£ğŸ¤£ (modyar-modyar e wis..),positif
taek...cari cara lain selain naikin BBM....,negatif
"Assalamu&#39;alaikum pak..saya warga dari Balikpapan City. Mau cerita dari sektor Lapangan, menggambarkan kalau kendaraan warga yang Mondar",positif
Hahaha...!!  sudah 2 periode ini..!!<br>mau rakyat susah kek..mau rakyat mamfusss kek..mau negara kacau balau kek.. bodooo amaaattt<br>emang gw pikirin..!!<br>ha Hahaha ğŸ¤£ğŸ¤£ğŸ˜ğŸ¤£ğŸ¤£,positif
Aku rindu airmata putri mbak banteng kkkkk,negatif
Pak kami la susah di tambah naik bbm naik nambah susah hidup kami pak kami gak pernah dapat bantuan pak,negatif
Pemerintah pajo tai,positif
GUOBLOOOK KALO RAKYAT MASIH DIAM DENGAN KEZALIMAN INI. AYOOO BANGKIT MELAWAN!!!,negatif
"Jd udah lah tdk ush pada demo..., paling biarkan anjing menggonggong BBM tetep naik",positif
Semoga Bu Mega &amp; puan beserta kebo bertanduk segera demo sambil nangis untuk kenaikan BBM ini ğŸ˜‚ğŸ˜‚ ..,negatif
"Semoga Allah SWT meningkatkan dan memberi rezeki yg barokah lebih k rakyat,",positif
Cm  mao bilg. .<br>Innaaalillaaahiii wainnnaaaa ilaaihiiii roooji&#39;uuun,negatif
Mantap ..pak jok...minggu depan naikin lagi ya pak  d tnggu knaikan  listrik dan alpijinya ya pakğŸ˜‚ğŸ˜‚,negatif
HOO TENAN. SEKAREP MULAH. NAIKIN AJA SEMUA. BIAR KAN RAKYAT INDONESIA. MAKAN NASI LAUK NASI.,negatif
"Yth Bp Mentri,, jgn cuma pengawasan.. Tpi cctv d setiap SpBu pak. Trimksih",positif
Semua minyak hasil dari bumi Nusantara punya minyak sendiri gk bisa menikmati hasilnya... Malahan naik terus rakyat makin susah...,negatif
dikasih BLTpun ya gk begitu ngaruh. tepat sasaran NGGAK. <br>salah sasaran IYA. ğŸ˜…ğŸ˜…ğŸ˜…<br>bakar duit aja.,negatif
Data dan faktanya rakyat paling miskin yang tambah dicekik2.oooxxxxkkk,positif
"coba mulai dari sekarang  bangun pertamini milik BUMN sebanyakÂ²nya di seluruh pelosok negeri pak. <br>biar keadilan sosial tercapai. <br><br>dan jangan suruh pertamini jual pertamak aja, pertalitenya malah ngilang.",positif
"Rejim laknat...Dipersimpangan negeri ini kiri menuju Myanmar ke 2, ke kanan menuju Sri Lanka ke 2.efek ke bodohan pemangku kekuasaan.",negatif
Kenang2an dari rezim ini... Selamat menikmati..,positif
Ohhh....inikah... yg di namakan partai nya wonk cilik....jangan hanya BBM yg di naikan..smuanya di naikan...kami tk butuh blt....,negatif
Mereka hidup bermewah mewahan tapi tidak memikirkan rakyat kecil dan miskin...di mana  hati nurani mereka...harta mereka tidak ingin dinkurangin sedikitpun ... memilih rakyat kecil dan miskin sebagai tameng untuk mereka tetap bermewah mewahan 7 turunan...,negatif
"Median harga BBM termurah di USA...octane 87....saat ini sekitar $ 4.15 per gallon. <br>Itu berarti sekitar Rp. 56,000 per gallon...atau sekitar Rp. 18,000 per liter.<br>Sementara itu...harga Pertalite yang baru masih jauh di bawah Rp. 18,000 per liter.<br>Presiden Joko Widodo...SAYA MENDUKUNG KEPUTUSAN PEMERINTAH....sehubungan dengan kenaikan harga Pertalite &amp; Solar  !.<br>GOD BLESS NKRI....FOREVER !.",positif
Nenek nenek yg dulu suka nangis saat bbm naik dan sering muncul di tv kok gak pernah kelihatan lagi ya<br>Apa tuh nenek msh hidup atau sdh mampus ya,positif
Semoga yg teriak teriak dan koar koar tiga periode dijalanan cepat disambar petir disiang bolong semua nya ....,negatif
"Lihat kanan tdk semua rakyat kaya, mana sosialnya 2ribu terlalu berat kan pancasila harus keadilan sosial, tanah Indonesia menghasilkan juga bahan minyak bumi jangan di samakan dgn negara tdk subur,,,, di kemanakan hasil bumi pertiwi Indonesia rakyat Indonesia diam bayar pajak bumi punya barang gede harus bayar, jangan keterlaluan, presiden juga sbelum menjabat dari kcil rakyyyyaaat seenaknya presiden ini berapa kali di naikin harga, selama menjabat, presiden dulu gak sering naik BBM,, bunuh massal aja rakyat indonesia,, puas apa barisan mahasiswa ayo maju tak gentar kedaulatan rakyat bangkiiiit",negatif
"Lebih baik hidup di jaman suharto, ataupun jaman SBY, yang notabenya masih mikirkan nasib rakyat, dari pada jaman sekarang,,,cuman hanya dpt BLT 100 rb/bln minyak yg di naikan, dampaknya akan luar biasa,bagi rakyat",negatif
ga ada yg demo lg,positif
Alhamdulillah dulu sewaktu pilpres tidak pernah sekali pun memilih jokowi..,negatif
trs manfaatnya  apa.. tetek nikmati naik ya.,negatif
Jangan bandingkan harga negara sbelah atuh. Umr negara sebelah brp perharianya? Sedangkan indonesia? Sebandingkah? ğŸ¤£ğŸ¤£,negatif
Saya sebagi sopir berat pak uang jalah masih utuh bbm naik.apa lagi pake aplikasi segala macem ribet..ws ntlongso tambah sengsoro,negatif
"Bbm LPG listrik naik ,diganti bantuan bantuan utk sementara blt,blt pekerja dll paling lama bantuan2 tsb berjalan maximal 1taun,,sedangkan kenaikan bbm,Listrik,lpg berlaku untuk selamanya<br><br>Kalo membandingkan dgn negara lain emg indonesia dalam keadaan menengah ttg bbm,listrik,lpg<br><br>Yg jd pertanyaannya indonesia blm sejahtera utk mslh ekonomi,,kalo harga2 terus meningkat ya gimana keberlangsungan hidup masyarakat miskin,dan pengangguran?<br><br>Anda ingat ttg uu tenaga kerja ?<br>Uu tenaga kerja Katanya dibuat Untuk menekan tingkat pengangguran di indonesia,setelah resmi omnibuslaw sah ,bantuan2 turun blt dll<br>Yang pengangguran ? Masih banyak, <br><br>buruh yg bekerja terketekan dgn aturan2 uu tenaga kerja,,masalah uang pesangon,phk,dipangkas2<br><br>Ini ga beda jauh dgn hal yg sebelumnya ...<br><br>Sesuatu ketentuan berubah yg condong kurang menguntungkan rakyat akan diiming imingi bantuan2 dll ,,bantuan itu hanya sementara 1,2,3 bulan paling max 1thn sedangkan ketentuan pemerintah itu berlangsung selamanya<br><br>Tolong sejahterakan dulu kehidupan masyarakat miskin,tdk ada lagi pengangguran di indonesia ,setiap orang di indonesia memiliki pendapatan tetap .... Kalau masyarakat sejahtera berpenghasilan besar semua kenaikan apapun gaakan jadi masalah<br><br>Kalo diliat faktanya indonesia sejahtera belum,yang nganggur banyak,yg gapunya penghasilan tetap banyak kebutuhan pokok naik semua,bbm,listrik,gas,dll <br>Utk mencukupi hdp org miskin darimana,,gaada penghasilan tetap,nganggur,sedangkan kebutuhan semakin melonjak kalau pemerintah berani memberikan bantuan untuk selamanya utk masyarakat miskin dan pengangguran ga masalah sengganya ada harapan utk bertahan hidup mengandalkan bantuan per bulan utk selamanya tapi itu GA MUNGKIN kan ? <br><br>Tolonglah perhatikan dulu PR nya gimana caranya mengurangi masyarakat2 miskin ...sengganya seluruh warga indonesia tdk berfikir besok dapat uang darimana utk makan ...<br><br>Tolonglah jangan berbicara angka dengan masyarakat miskin percuma tp bertindaklah dengan fakta dan nyata kalau memang kalian bisa mensejahterakan seluruh rakyat indonesia",negatif
Saya harap pemerintah membaca ini ....,negatif
Hey pejabat sudah ga takut engkou dengan api neraka...kou telah memyengsarakan Rakyat...,negatif
Usul pak....bagaimana kalo listrik yg 450 w di ganti sama yg 900w minimal /1300w,positif
Iyain aja dapat pahala kok,positif
Dana buat pemindahan ibu kota udah tipis sih .. ya jadi aja BBM naik,positif
Iwan fals kemana ya ??,positif
"SAK KAREPMU PAK ....BU....ANGGER  ORAK DIMUDUNKE WAE BBM NE...<br>NAK BBM MUDUN RAKYAT DITAKUTKAN MANDI BBM.....OJO LALI ...GAJINE APARAT,PNS,PEJABAT  DIUNDAKNO.",negatif
"Kalau Kalian sudah tidak mampu mengelola kekayaan alam bangsa ini, lebih baik mundur saja, masih banyak putra putri bangsa ini yang sanggup mengelola kekayaan alam bangsa ini untuk kesejahteraan rakyatnya",negatif
Naik Yaa Beli Dari pada ngotel ngos2an... ..gak ribet..... Bikin sendiri juga gk Mungkin...,positif
ych Allah kasihlah azab paling berat buat para pejabat yg zolim terhadap hamba hamba mu..,negatif
PENGKHIANAT RAKYAT NEGERI PRANK...LENGSERKAN PRESIDEN NEGERI PRANK KAREN MEMBUAT MASYARAKAT MISKIN MENJADI LEBIH MISKIN LAGI ğŸ˜€ğŸ˜ğŸ˜€ğŸ˜,negatif
saya pingin dengar dari partai PDIP demo sampai nangis nangis... ketika BBM naik cuma 500 perak... ini 13x naik mereka pada diam.. biadab..,negatif
gue cuma bisa bilang.. pejabat kita udh mati semua... kg becus dan kg berguna.. dua periode kg ada perubahan buat rakyat kecil... hidup makin sulit semua ke butuhan malah pada naik.. kg tanggung tanggung sampai 13 kali BBM di naikan... di mana hati nurani kalian wahai pejabat..,negatif
Mantep. Semua apa2 yg di warung pada naik. Cakep emang,negatif
rakyat cari uang ko di persulit klau rakyat ngomong soal bbm,negatif
"kalo bisa anggota pemerintah yg baruÂ² berstatus magang juga pak, anggota TNI POLRI yg baru berstatus magang juga pak, kiraÂ² ada yg mau ngga itu diupah 2,5jt perbulan",negatif
subsidi ilang<br>utang makin banyak<br>luarr biasa,negatif
"saya pribadi makin gapercaya dgn adanya pemerintahan yg mengatur kesejahtraan rakyat, polri yg memegang mandat utk menertibkan hukum, nyatanya begini pemerintah mementingkan perutnya pribadi dan jajaranya, polri mementingkan bisnisnya, judi diperkampungan digerebek, sabung ayam dikampung grebek, yg gede gedean mah ngahenen bee",negatif
Tolak kenaikan Harga BBM yang memberatkan rakyat ğŸ˜¡ğŸ˜¡ğŸ˜¡ğŸ˜¡ğŸ˜¡,negatif
"Bbm naik, umr TIDAK naik, status karyawan MAGANG katanya agar menarik investor, magang upah dibawah umr cuma 2.5jt, ngekost, makan, beli bbm utk transpot ajah gacukup, boro kepengen nabung",negatif
Kalo bisa dilarang jual BBM biar mampu rakyat,positif
"Kalau tidak mampu, mundur aja",negatif
apa kabar pajak batubara dan nikel  ??? ğŸ˜‚ğŸ˜‚,positif
Subsidi memang sangat membebani Negara . Alangkah baik nya memang di naik kan dikit . Tp Kusus untuk pertalite kayak nya terlalu besar kenaikan nya .,negatif
Belik motor puluhan juta mampu<br>Belek mobil ratusan juta mampu<br>Giliran Bbm naik ngomel..ngomel<br>Haa....haaa..begitulah kiranya,negatif
APBN habis kok mau mindah ibukota?,positif
Jokowi tidak hebat kalau nggak bisa sengsarakan rakyat,negatif
NGK APA2 PAK JOKOWI NAIK KARNA RAKYAT TAU UNTUK BAYAR HUTANG UNTUK BANGUN INSFRASTRUKTUR..BESOK KALAU JADI 3 PERIODE HUTANG LAGI PAK YG BANYAK UNTUK BANGUN INDONESIA  .BESOK NAIKAN BBM LAGI.,negatif
Tambah soroh awak bos golek gawe pangan kangela wes gakisok bayar pajek ora ngurus bbm tambah dinaikno sak karebmu nek pancene kesulitan ngatuer,positif
Ini jejak pmrintah menyakiti rakyat slama p.jokowi,negatif
kemungkinan nanti muncul kendaraan angkutan yg ditarik kuda atau kerbau/sapi seperti jaman th sebelum 1970an,positif
Mugo2 sakwulan maneh mundak maneh,positif
kalau BBM naik sebaiknya mobil angkutan umum segera diganti yg bertenaga listrik(accu/battere yg menggerakkan dinamo/motor listrik) dan  sepeda motor juga.,positif
"Buk Mentri Rakyat jelata gak ngerti,penjelasan Buk mentri ,,yg ngerti klo harga bbm rakyat mangkin mederita,,",positif
pk 14.30 luar biasa surpress dri pade wi..,positif
"Semoga Allah memberi lebih banyak rejeki dan tetap bisa beli bbm meskipun naik. Sebelum keputusan diambil, sya ykin Pasti semua sudah dipertimbangkan dg baik..",positif
Hoeeee subsidi BLT itu sekarang dan dulu banyak salah sasaran....,positif
Naikin trus bbm dn gas elpiji minyak dsb nya.. <br>Rakyatmu sudah makmur di atas negara2 lain.. <br>Akhir kata JEK PENAK JAMANQ TO..,positif
Piaraan IMF ternyata beranak Pinak di Indonesia,negatif
Turunkan Harga BBM jenis Pertalite dan Solar kembali seperti semula. PakJokowi diduga menyeleweng APBN agar dapat menaikkan harga BBM jenis Pertalite dan Solar.,negatif
HARGA BAYGON TURUNIN BIAR KAMI ORANG2 MISKIN BERBONDONG BONDONG MINUM BAYGON,negatif
KALAU PERLU HARGA BERAS TELUR NAIKIN JUGA,negatif
JANGAN LUPA NAIKIN TARIF LISTRIK DAN GAS ELPIJI PAK.......,negatif
"Dari dulu yg jauh dari SPBU gak pernah menikmati subsidi minyak jenis premium atau Pertalite, bagi kami tak ada gunanya subsidi. Yg kami butuhkan adalah adanya SPBU atau Pertamini yg tak terjangkau oleh SPBU khususnya di desa2. Orang desa beli minyak ranmor diwarung karena jauh dari SPBU. Jika ada Pertamini didesa pertamina jual Pertamax, jadi petani disuruh beli Pertamax, itulah kebijakan pejabat Pertamina. Trims Pertamina telah menjual Pertamax didesa ğŸ˜‚",positif
Sama aja bohong BBM naik cuma di iming2i subsidi dll... Halu doang ni mah ğŸ˜,positif
HABIS INI GAJI MENTRI GAJI ANGGOTA DPR MPR PNS NAIKIN PAK.......TRUS YG  MISKIN DI DATA SURUH NAIK KAPAL SAMPAI TENGAH2 DI BOM KAPALNYA HABIS SUDAH ORANG MISKIN TINGGAL YG KAYA AJA,negatif
"tanya pak ibu yth,apakah NKRI ini ngk ada minyak nya yg bisa di suling,atau air laut nya saja yg bnyak?",negatif
habis pandemi bbm naik harga barang otomatis naik smua..korupsi meraja lela........jika yg korupsi di tembak mati di tempat saya ikhlas bbm 1 liter 300rb,negatif
joos pak presiden habis joget di hari ultah kemerdekaan sekarang bikin takyat menjerit harga bbm naik,negatif
Kalau rakyat kecil itu nrimo kok.cumak bisa ngelus Dodo. Dengan nrimonya rakyat kecil juga berdampak kalau bisa mawas diri. <br>Yah jalan kaki ataupun bersepeda sangat menguntungkan bagi kesehatan. Kau himpit dan kau jepitpun kami tak akan teriak. Tuhan beserta dengan orang yang suka menantang kesulitan wasalam.,positif
Baru bpk Jokowi yg bisa naikan bbm sampai 2000.. selama ini naik 500 aj ad yg nangis..ko bpk naikkan paling tinggi g ad yg nanis..,positif
"Sebenarnya subsidi tidak tepat sasaran itu yang bagaimana ya,,kalau pun subsidi betul bisa tepat sasaran(menurut pemerintah) apa tidak dihitung juga effek dari kenaikan bbm,,,ujung2nya juga tidak tepat sasaran.",negatif
Sudah gak ada lagi wakil rakyat disana?????,positif
"bukan rakyat yg di subsidi, tapi pemerintah yg di subsidi oleh rakyat",negatif
begini klo kepala negara ga paham pancasila..,negatif
Mahasiswa kmn y....,positif
Silahkan siksa Rakyat sepuas napsumu wahai para pejabat bejat tapi ingat Ajab Alloh sedang menunggu mu insya Alloh,negatif
Pemerintah berhasil menjajah rakyatnyağŸ˜­ğŸ˜­,negatif
Kecewa aku pak jokowi.  Kusangkah rakyat semakin sejaterah ternyata tambah sengsara.,negatif
"KENAPA HNYA SEDIKIT NAIKNYA ...PDHL SDH DIKSH BANSOS,PKH,JLN TOL BAGUS,WADUK/BENDUNGAN,PABRIK2,BPJS.....",positif
Naik 100rb/ltr gak masalh ..  Naik Busway aja .. gak pake repot ğŸ˜ğŸ˜,positif
"seharusnya bbm gak usah di subsidi,tapi pajak kkendaraan dan sim dihapus,jadi kendaraan bebas pajak",positif
Lanjutkan 5 periodenya,positif
Lanjutkan 5 periodenya,positif
Lanjutkan 5 periodenya,positif
"Kita telah di jajah oleh pemerintah, ucapan merdeka nyatanya belum merdeka rakyat Indonesia ğŸ˜©",negatif
Masalah naek syh setuju tolong jangan di persuli masalah aplikasi menurut dyh bikin sulit masarakat,positif
"Dampak terbesar bagi ojek online yang udah sepih orderan di tambahi lagi naik nya BBM udah komplit rasanya beban,Moga2 para drever gojek online tabah dan sabar ,mugi2 ada bantuan buat ojek online,",negatif
BBM naik di demo<br>BLT dnl22 turun kok ngak ada yang demo,negatif
"LEBIH BAIK SUBSIDI BBM DIHAPUS,DARI PADA SAYA MELIHAT  MOBIL PRIBADI YANG DIKATEGORIKAN MAMPU SETIAP HARI MEMAKAI BBM SUBSIDI ,Saya senang subsidi bbm dihapus,saya sebagai salah satu dari kalangan kecil hanya menggunakan motor untuk melakukan kegiatan sehari hari dan tidak banyak memakai subsidi bbm, jadi hak saya rasanya dirampas oleh kalangan mampu yang selalu bersembunyi dibalik rakyat kecil dan selalu dijadikan alasan,SAYA SALAH SATU DARI KALANGAN KECIL MENDUKUNG PENUH UNTUK PENCABUTAN SUBSIDI BBM, KARENA MULAI SAAT INI SAYA TIDAK AKAN MELIHAT LAGI MOBIL PRIBADI YANG DIKATEGORIKAN MAMPU MENIKMATI SUBSIDI BBM",positif
"Sblmnya ppn udh naik 11%,skrang bbm juga naik 2 rb anğŸ˜©",negatif
"Rakyat pada protes bbm naik karna selain harga bbmnya semakin mahal.sembako,dll juga pada naik harganya kalo bbm naik(biasanya).",negatif
apa di pikir itu rakyat yg jauh dari pom apa dipikir rakyat yg gak bisa makek hp andoit apa di pikir rakyat yg nyoper dan bbm di batasi mungkin gak di pikir di otak yaa,negatif
"Itu jadinya kalo parte banteng yang dipercaya jadi pemimpin Indonesian,mantap",positif
"BBM naik, PPN 11%, pupuk buat petani langka, jalan di desa banyak lubang. Jos pokok e",negatif
lebih baik naik 12.ribu  pertalit tapi jangan di batasi,positif
Ampon Indonesia dari tahun ke tahun naik terus ngak pernah turun tantangan bagi generasi muda berat sekali.bbm naik yg laen juga ikut naik sedangkan UMR masih rendah,negatif
"Mana tangis mu yang dulu ,aku rindu,ternyata tangismu hanya drama sebelum berkuasa",negatif
dulu naik harga BBM. parrai pdi perjuangan yg duluan demo. sekarang dri partai x yg jadi presiden naikan minyak seenakx.  mau demo di tangkap di pukul sama aparat. pemerintahn gila,negatif
boleh naik bbm sampek harga berapapun tapi kangan di bikin bingong rakyat kecik aplikasi itu banyak yg gak bisa teros bbm masih di batasi kalok naik oke tapi yg mudah rakyat cari gak susahh,positif
Sya ingat btul saat sby mmaikn hrga bbm cm 400rupiah partai bntng teriak&quot;  jln d tyangkn stasiun tv ...skrg bkn hrga bbm naik tpi ganti hrga yg miskin makin miskin bru hri ini naik bhan kbutuhn pokok ud mulai naik...mna yg kmrn dukung 3 periode selamat mnikmti,negatif
Naik la terus pak jokowi biyar rayat mati,negatif
Terbukti apa yg pernah dikatakan dulu<br>EKONOMI MEROKET<br>lanjut 3 periode dah ......,positif
Maaf Bapak saya sudah ikut diaplikasikan bansos sampai saat ini belum dicek status nya katanya tadi siang ibu mentri diperbarui tiap bulan saya sudah 1 th gak diperhatikan,negatif
"Mantapppp, naikan aja semua nya, rakyat sdh kaya raya, nggak ada lagi yg miskin,  tambah 3 periode lagi, biar rakyat sangat senaaaannnnggg",positif
"Semua naik,,, biar yg miskin mati semua,,jadi tinggal yg hidup yg kaya2,,, jadi Indonesi milik orang kaya,,, sbb miskin sudah pada mati,,, mantep kan,,,",negatif
"wes sak karepmu pak, aku wes mblenger nonton kebijakan kebijaknmu",negatif
"Sungguh terlalu yang miskin tambah miskin, katanya pemerintah ada bantuan dari negara&#39;, saya sendiri bantuan dari pemerintah saya tidak dapat malahan ekonomi yang mampan saat ini justru itulah yang dapat segala macam bantuan pemerintah tersebut<br>SALAM saya sama pak jokowii dua kali saya pilih beliau kok jadi begini<br>Pak Jokowi?",negatif
"Den presiden, piye iki den!!.??.<br>Kembang kempis miker perduitan....",negatif
Ini terjadi akibat pemimpin kita yg tidak cermat memimpin negeri yg kita cintai maka rakyat kecil selalu dibikin susah,negatif
Salah memilih pemimpin bro,negatif
Kecillll. Cuma 10 ribu.. Yg penting barang tidak langkah. Kita orang Papua. Tidak pernah mengeluh meski di katain negeri minyak. Asal barangnya ada. Oke.. Oke saja.,positif
"blt cuma buat ladang korupsi pejabat , bbm naik menyiksa karyawan swasta kaya saya sehari2 cuma pakai motor bensin pertalite , skrg 10 rb..gaji saya 4 tahun tdk naik2  pak bbm dlam setahun udh 2 kali naik",negatif
"ini sangat tidak masuk akal ğŸ–ï¸ğŸ˜Œ<br>bbm naik malah rebutan ğŸ˜Œ<br><br>tiap presiden selalu memberiken beban terutama saat akan pensiun ğŸ˜º<br><br>kalau ada presiden yang isa membuat harga bbm jadi 5 rebu per liters............<br><br>maka saya akan upload video tiktok/youtube dalam kondisi telanjang bulat setiap 3 hari sekali pake GSE (green screen efect, jd isa kek film film itu background nya dg adegan ama cewek nyari di medsos) [hanya bagian yang enyak sedikit gue blur sahaja biar ngga di demo sambo or something like thats]<br><br>plus ....... masuk kristen or something like thats ğŸ˜Œ<br><br>kurang neraka kuadrat kek gimanya coba ? ğŸ˜º<br><br><b>print screen dan video kennn komen yang mulya ini, kerana saat itu benar benar terjadi maka yang mulya ini akan berubah tentunya menjadi yang</b> mulya ğŸ™ƒ",negatif
Yes NKRI .,positif
"Masih bisa di terima, kalo bikin sendiri pertalite kagak bisa ğŸ˜€",negatif
"Potong gaji anggota dpr,mpr smua pjbt negara.....bagikan k rakyat",negatif
"Mahasisw.skrng udah ga ada <a href=""http://nyali.ga/"">nyali.ga</a> ky jaman SBY. Timbang naik 500 perak Aja Ampe tumpah darah",negatif
Tak mau naik pak,negatif
smoga dgn naik nya BBM rizki dan milik kita smua di permudahkan baroqah manfaat AminğŸ˜­ğŸ˜­ğŸ˜­,positif
"@Rizky,Alvaro ya hrus gmna lgi bang kita mh cm rakyat kcil hrus bisa nrima dgn sabar, plagi tmen&quot; sya kerja nya nyupir angkotğŸ˜­",negatif
"Mudah dari mana makin susah iya, dan kemiskinan makin menambah",negatif
Kenapa dipotong videonya?,positif
Terimakasih pak jokowi yang miskin  biar tambah miskin <br>Makasih ya pak jokowi,negatif
"Bansos bansos taek,,,<br>Rakyat gk perlu bansos,yg rakyat pengen kestabilan harga beli.<br>Kalau bbm naik,lantas harga barang2 gimana pak presiden???<br>Dulu zaman sby bbm naik 500 perak yg demonya dari sabang sampe merauke,<br>Kubu bapa ampe nangis2,ceritanya belain wong cilik<br>Skrg pada kmna tuh org yg ceritanya ngebela??????<br>Halloooowww",negatif
"Ditempat kami 10 ribu 1 liter, isi di kios pertalite",positif
11.000 triliyun kemana pak..,negatif
lawak dangdut,negatif
"Salah urus negara jadi amburadul dana covid itu kemana itu ratusan triliun di bantai corona tidak jelas kami tdk rakyat bingung di permainkan rezim Corona, anggaran pejabatnya ribuan triliun cuma ngurus bbm saja tidak mampu",negatif
Kami di papua sejak dari periode awal pak jokowi sdh 100.000 bgmn dgn kenaikan BBM bagi papua?,negatif
BBM naik bagaimana dengan harga di papua ibu sri mulyani,negatif
KETIKA BANGSAT &amp; BEDEBAH MEMIMPIN NEGERI.... AJOR,negatif
Di naikkan 50rb juga gk bakal tepat sasarannnn..pasti di korupppp...jgn gngu rakyat bosss..benahi dulu para koruptor...agar wadah tdk bocorrrr bossss..kami rakyat kecilll sudah sakit bossssssssssssss,negatif
Kemana air mata buaya puan Dan pdi,negatif
"Mantap pak...hbs ini PBB menyusul,..lanjut terus...",positif
"Pemerintahan nampaknya lebih mementingkan pembangunan infrastruktur ketimbang kepentingan rakyat yg makin hari makin menjerit karna sulitnya penghasilan,, rakyat di bawah sulit kerjaan makin sulit dicari kalau kerja upahnya pun masih kecil untuk kebutuhan harian pun tak cukup,,coba di bayangkan upah kerja  harian di Batam masih ada yg 80rb",negatif
"<a href=""http://www.youtube.com/results?search_query=%23golput"">#golput</a>",positif
Menaikkan harga BBM sebagai bentuk menaikan kasta Indonesia di mata dunia ya ?,positif
"Kasian yang di pelosok desa yang ya jauh dari kota, perliternya ada yang harga 15 ribu dan di gunung ada yang harga 20 rb karena ongkos biaya ojeknya yang diantarkan,dan kasian yang tidak Terima bantuan",negatif
"Imbasnya bbm naik,harga sembako juga naik,masalahnya bertambah",negatif
pengalihan ke bansis supaya gampang di korupsi..ğŸ˜,negatif
"Mobil saya tak bisa lagi jalan, jok, uang pensiunan cukup hanya untuk makan.",negatif
"Mana luhut panjaitan,,,,pasti dia senang sekali....",negatif
Semangat para pejuang rupiah<br>Kalo keringat yg besar belum keluar kita belum dapat rupiah..<br>Kurang semangat bbm naik untuk para pejuang rupiah..<br>Jangankan pemasukan malah jadi banyak pengeluaran..ujung ujungnya keluarga jadi pusing bukan senang,negatif
Jaman sby naik 300rupiah buzer pada teriak&quot; sekarang naik berkali&quot; kemana kalian..??,negatif
"BBM naik, sembako naik, Waduuuuuh piye Iki pak?",negatif
"Dipadang orang sdh banyak makan nasi pakai kerupuk,karna lauk tak kebeli,bbm naik bisa jadi makan nasi putih sekali sehari,semoga yg kelaparan diberi kesabaran oleh Allah,aaamiiin.",negatif
Wow ğŸ˜±,positif
Sangat meberatkan....ya aalloh..sampe tmbus 10000..sdgkan masyarakat jauh dr kata makmur.,negatif
Partai wong colik ternyata makin licik,negatif
Asal bapak senang,positif
Isoku mung angop,positif
BBM naik terus korupsi makin merajalela,negatif
Subhanallah gimana kami mikirkan biaya hidup sehari2...kami pedagang kecil apala daya,negatif
Selamat sudah memilih ha-ha-ha,negatif
"Sama mereka yang duduk di pemerintahan naik 50,000 gak ada masalah bagi mereka karena mereka sudah triliunan rupiah mengkorupsi uang rakyat atau mencuri uang rakyat Indonesia ğŸ¤ªğŸ˜©ğŸ˜©ğŸ˜©ğŸ˜©ğŸ¤ªğŸ¤ª",negatif
Pemerintah atau penguasa negara sekarang ini sangat layak di lengser kan biar sama sama mati lebih baik dari pada hidup segan mati tak mau.ğŸ˜ˆâ˜ ï¸ğŸ‘½ğŸ‘¹ğŸ‘ºğŸ‘ºğŸ‘¹ğŸ‘ºğŸ‘¹ğŸ‘ºğŸ‘¹ğŸ‘º,negatif
Tambah 4 periode,positif
Demi nama Allah SWT yang maha esa dan penyayang pemimpin ini di akhirat nanti jangan d kasih ampun untuk siksaan dan pemerintahan nya hancur sehancur hancur nya dan kalian akan menerima resiko lihat tunggu doa2 saya terkabulkan kalian hanya cuman manusia tidak akan bisa menahan doa yang terdholimi,negatif
"Semua ASN dan pemerintah2, dpr, dprd dll  diseluruh nusantara mobil dinas mrk pake bbm yg mn??-pakah mrk orang mampu???- kls menengah - atas, pengusah lbh besar pajaknya itu utk sapa dan apa??? - sapa sesungguhnya mmbangun nusa dan bangsa sesuai hukum???? - tdk adakah yg sanggup muncul dari antara 270jt penduduk RI yg merumus satu sistem hukum transparsn dan adil bg semua lapisan hidup masyarakyat???-smoga ada di calon wapres dan wapres thn 2024ğŸ‘ğŸ‘ğŸ‘",negatif
betul2 meroket sesuai janjinya,negatif
Semoga harga barang kebutuhan lainnya tidak meroket...,positif
Ya klo BBM NAIK...semua jg naik...,positif
makin plongo ni ni negri,negatif
Kangen dulu setiap ada kenaikan BBM partai banteng selalu terdepan nangis2 di jalanan di tayangin di semua channel tv ğŸ¥²,positif
"@Seroja Belpe periode depan sudah jelas gak pilih banteng, krn katanya yg dicalonkan si puan maharani",negatif
sekrang mah kaga bakal ada. bantengnya udah di cocok idungnya,negatif
Skrng rakyat ini mah yg sedih,negatif
Sekarang perutnya sudah pada buncit makanya diam aja,negatif
"@James Bond jadi bisa gak dikatakan,kalau dulu jadi oposisi bak malaikat setelah jadi pemenang/dipemerintahan berubah jadi bajingan juga",negatif
Berrat pak. Sembako naik. Makin berat pak. Yg kaya gak mikirr. Dianjurkan banyak puasa senin kemis aja..ye pak.,negatif
Menyimak,positif
Mobil tua tapi CC  1800 mohon pertimbangkan,positif
huk ..huk..,positif
"Drastis Air ledeng, BBM naik. Naik tu boleh asal jgn byk. Ujung2ny dkorupsi oknum pejabat tinggi, gaji buruh ga naik, rakyat miskin makan sesuap nasi",negatif
"Drastis Air ledeng, BBM naik. Naik tu boleh asal jgn byk. Ujung2ny dkorupsi oknum pejabat tinggi, gaji buruh ga naik, rakyat miskin makan sesuap nasi",negatif
Gak apalah naik BBM yang penting saya dapat bantuan terus dari pemerinta,positif
"ya enak dialihkan subsidinya ke BLT biar gampang aja di korupsi trus yg korupsi ditangkap trus di sita hasil korupsinya ya otomatis uangnya balik lagi ke pemerintah,pemerintah emang pinter banget",negatif
Rupiah menguat...rupiah menguat...rupiah menguat..,negatif
Sdh ketok palu BBM naik ikuti aja kmauan pmrintah,positif
GAPAPA BBM NAIK YANG PENTING TAKARAN BENER !!!! ğŸ¤£,positif
"Aturan yg tepat adalaah para pejabat negara dpr dan bumn tidak boleh pakai fasilitas negara dr uang rakyat contoh mobil ,rumah dan perjalanan menggunakan minyak dr uang negara yg di peroleh dr rakyat ,itu baru adil sama sama merasakan gimana rakyat mengeluarkan uang buat bensin dll sama aja kallau bbm naik pejabat isi bensin gratis.",negatif
Kenapa cuman segitu naikx pak Jokowi bila perlu 20.000 di naikin biar rakyat tersenyum malu.,negatif
Pendapatan pajak naik juga kan bu sriğŸ¤­duit nya buat apa??,negatif
Menyesal dulu saya milih jokowi,negatif
Menyesal dulu saya memilih jokowi,negatif
kurang si 100ribu perliter harus ya,negatif
"Meningkat 3 kali lipatğŸ¤”jika subsidi di nikmati oleh masyarakat yg mampu,tugas pemerintah untuk mencari regulasi bagaimana cara nya,hingga tidak sampai menaikan harga BBM pakğŸ¤”",negatif
Nunggu partai wong cilik demo berjilid jilid... ğŸ˜…,negatif
Wadau ngak nanggung sekali naik..suskes selalu bapak dan ibu semuağŸ˜­ğŸ˜­,negatif
Gpp naik yg penting indonesia cepat jadi negara makmur. Seluruh dunia jg naik.,positif
Inget rakyat woi prsden n semua pemerintah n mnusio yg dzholim ni negra asal asalan be naikin trus naikin BBM rkyt diksh duit sama aja bohong tmbh HRi smnjk u memimpin negara ni rkyatnya susah PDI prjuangan gda pembela kebnrn lagi didunia ni semua pada dzholim!!!,negatif
NAH INI BARU CERDAS SEKALI,positif
Udh ga kage klau bbm naik kcuali harga bbm turun baru kaget,negatif
BLT HARUS TEPAT SASARAN.TRIMS,positif
Kepalangan naikan aja 100rb boss.semu ga punya Otak.. Kalian dzolim,negatif
Kayak kita di jajah pemerintah sendiri pas miyak dunia turun harga ngak turun pas naik pemerintah se enaknya setinggi tinggi nya,negatif
"Bagaimana pun pemerintah akan selalu di salahkan,,BBM tidak naik,hutang negara akan semakain meningkat..BBM naik,semua pasti tidak setuju...ya mdhÂ²an semua keputusan yang di ambil pemerintah membuat indonesia semakain maju",positif
"Yg naik itu utang, dana bangun IKN, dana korupsi, dana pensiun, dan gaji buta pejabat...",negatif
"Maju dari mana, tambah miskin iya, siapa yang suruh utama, Indonesia banyak hutang karena proyek proyek yang tidak berguna bagi masyarakat",negatif
"Maka menderitalh Rakyat Kecil,,Ya Allah",negatif
Tanggung pak Jokowi 100 ribu per liter pertalit,negatif
Gak butuh bantuan BLT mau pun apa. Cuman harga tatap itu aja,negatif
Alhamdulillah baiknya masi pro rakyat,positif
Bukan melindungi tapi menyangsarkan rakyat sperti kurir taksi ojol.,negatif
Woy partai banteng merah liat noh si jokowi naikin harga BBM cpt lu demo jngn ngumpet lu partai banteng ğŸ¤£ğŸ¤£ğŸ¤£ğŸ¤£,negatif
Kirain pengumunan mau mundur,negatif
"Ayo naikin terus, jerat leher rakyat kecil. Negara banyak hutang rakyat kecil yg menjadi tumbal.",negatif
"Premium di gantikan pertalite dengan alasan ramah lingkungan dah berapa lama menggunakan premium baru di gantikan pertalite yang sekarang harganya sangat tidak masuk akal untuk rakyat menengah kebawah, penyesuaian untuk blt 26jt keluarga selama 3bulan, sedangkan penduduk Indonesia 273jt yang kena dampak kenaikan BBM seumur hidup",negatif
Pak kpn di tegur sama Allah...kami rakyat kecil menunggu bpk di tegur langsung sama Allah,negatif
"2 priode aku gk prnah milih smaskali, stlah hukum di indonesia hnya adil buat org besar, tapi menindas rakyat kecil,  yakin kalian masih mau 3 priode,",negatif
Sy paling benci presiden yg sekarang ini sok merakyat tpi cekik rakyar itulah jokowi.,negatif
Biar naik tidak apa apa yang penting barang selalu ada,positif
Itula sibuk mau bikin ikn jadi semua barang di naikkan.,negatif
Indonesia bubar bubar.,negatif
"Rakyat ga butuh BLT yang justru jd lahan korupsi, anggaran BLT mending buat subsidi BBM, Jokowi anda tidak becus.",negatif
dijawa pertalite 10 000 kalau di papua jadi brapa ya...lanjutkan pak.,negatif
Saya lagi nunggu yang mulia <br>IBU PUAN MAHARANI<br>IBU RIEKE DIAH PITALOKA<br><br>nangis  demo di DPR/MPR,negatif
Ckck semua hanya untuk kepentingan elit tanpa memikirkan rakyat!!!,negatif
Presiden taek,negatif
Gk usah rayu dngn bantuan bu mau naik ya naik bbm...,negatif
SALAH KALIAN SEMUA KENAPA GA SAYA KALIAN JADIKAN.RI1 ... KALAU GW JADI RI1 GW AKAN KAMPANYEKAN... HARDOLIN BAGI SEMUA.RAKYAT TANPA KECUALI MENYELURUH...,negatif
1 liter 50rb aja gapapa ...biar bebas polusi pa,negatif
jgn  sj  irian  di  sulawesi  sj tdk  jls  pembagian  bansos!,negatif
Selamat kepda pejabat2 atas kenaikan bbm dan selamat kepada rakyat miskin semoga tidak terlalu menjerit dan menangisğŸ˜­ğŸ˜­ğŸ˜­ğŸ˜­ğŸ˜­ğŸ˜­ğŸ˜­ğŸ˜­ğŸ˜­,negatif
"Pantasan Masy umum, masyarakat serta para buruh terjadi demo.",negatif
Alah yg dpt hanya keluarga pk rt itu bu,negatif
"Info demo, dimana?",positif
"Semoga Khusnul khatimah, amiin",negatif
Tidak masalah BBM naik<br>Dari pada gak ada bahan bakar kita dak jadi kemanamana,positif
Mau indonesia sejahtera solusinya cma 1....sah kan uu hukuman mati bagi koruptor....gak perlu bnyak koar2 ttg korupsi slma uu hukuman mati gak di sahkan yaa saya rasa percuma,positif
TOP Pak JOKOWI! Kami bangga dgn kenaikan BBM ini bisa membantu negara mengurangi beban subsidi APBN. Apalagi kan korupsi sdh gak ada lagi di zaman Bapak.<br><br>Lanjutkan Tiga Periode-nya pak&#39;e! Bila perlu seumur hidup ya pak. Indonesia beruntung punya Bapak.,positif
"@Imam Hasan ASN walah,,,, parcuma tinggal di kota ,uang 10rbu aja miskin.<br>Jangan ngaku tinggal di kota kalo masih miskin",negatif
@JAGALAH CINTA KITA lu kira semua org disamakan dengan kampung mu<br>Yg tinggal di kota banyak yg pusing dg harga bbm ini,negatif
ğŸ˜…ğŸ˜…ğŸ˜…ğŸ˜…ğŸ˜… maka indonesia hanya tinggal nama,negatif
Tolol,negatif
"@TEUKEK walah.....<br>Harga BBM di kampun saya bertahun tahun hampir setara dengan harga BBM di luar negri kami tidak demo.<br>Apa lagi di kampung saya banyak nelayan, 25k per liter bang, kami tidak marengek",positif
Pk jokowi jdi presiden seumor hidup mantaaaaaapppp,positif
"knp  indonesia  sll  ikut  kurs  dolar,  klu  nilai  rupiah!",negatif
Sebentar lg demo banteng besar2n...,negatif
"Di KEPRI mafia solar di tangkap dunk bos, bayangkan berapa banyak negara di rugikan? Mobil jenis Inova bensin ngisinya solar, itu tangkinya 2 atau sekarang invova jenis  bensin sudah bisa pakai solar?? Serius nanya?",negatif
Yang nyoblos 2 priode makan tuh ğŸ˜¹ğŸ˜¹ğŸ˜¹,negatif
"Ya,. Allah, sejak korona aq jadi sopir kursi aja sampe sekarang, kini bbm naik, pajak motorq mati dah bertahun2.semoga tarif listrik naik lagi",negatif
Ahirnya juga di korupsi,negatif
Gak apa apa naik yg penting masuk akal karena di semua negara juga sama harganya naik.<br>Yg penting negara harus bergerak maju<br>Dan tidak utk dikorupsi,positif
Saya setuju BBM d naikan tapi DPR bubarin pak.,negatif
Tai2,negatif
Mana air mata buaya kemarin itu.... Hahahaha,negatif
Lawakkk ohhh,positif
Dengan naiknya bbm bantuan pasca kenaikan di bagi yang adil dong rata gitu masak orang2 itu terus yg dpt sedang yg lainnya dengan ukuran standar kesejahteraan sama (sama2 tidak mampu)tapi gak pernah dpt sama sekali ğŸ¤¦ğŸ¼â€â™€ï¸ğŸ™ˆ,negatif
Samain ajj harga bbm nya sama negara maju. Tapi upah dan jam kerja nya juga di samain.,positif
"Buruh  seperti aku semakin mnerit buat makan aja udah susah  sekarang nasib jadi buruh ,boro boro dapat bantuan buat anak seklah aja gak bisa mbiyai  semakin trpuruk nasib keluargaku ya aloh semoga aku gak ptus asa dan taat kpadmu",negatif
Trpaksa Udh ga bisa nglayanin orang2 ngecer bensin goceng lg ğŸ˜«,negatif
Ekonomi bagus bilang ujung2x naik BBM Enda mikir rakyat dibawah. Baru aja keluar dari kovid dikasi lagi kenaikan BBM tambah lagi rakyat sakit. Sungguh keterlaluan.,negatif
Mbiyen sik milih sopo to mas?,positif
"Ibu mega kepiye iki BBM kog pd naik,, mana partai wong cilik,, kog diam tak berati",negatif
"Semoga Allah Meridhoi Keputusan ini...,ğŸ¤²ğŸ¤²ğŸ¤²ğŸ¤²",positif
Ini org gilo,negatif
Mantap jokowi!!! Anda berhasil menjerat leher rakyat!!!! Lebih keji dari sambo kau jok!!!!,negatif
memang naik rakyatnya ngenes denger naik BBM apberbuat tetep dibeli....tp inget diluar sana masih byk orang kelaparan.....tambah lagi B B M  naik tambah ngenes.....bantuan gkpenting  ..gk penting  bgi kami dan aku gkpernah menerima bantuan...biar rakyat  menangis aj,negatif
Inilah negara ku,negatif
hadiah terindah ulang tahun indonesia.naiknya harga harga kebutuhan pokok,negatif
Wong cilik tambah nyungsep... ğŸ˜­ğŸ˜­ğŸ˜­ğŸ˜­ğŸ˜­ğŸ˜­ğŸ˜­ğŸ˜­ğŸ˜­ğŸ˜­ğŸ˜­ğŸ˜­ğŸ˜­ğŸ˜­ğŸ˜­ğŸ˜­ğŸ˜­ğŸ˜­ğŸ˜­ğŸ˜­ğŸ˜­ğŸ˜­ğŸ˜­ğŸ˜­ğŸ˜­ğŸ˜­ğŸ˜­ğŸ˜­ğŸ˜­ğŸ˜­ğŸ˜­ğŸ˜­ğŸ˜­ğŸ˜­ğŸ˜­ğŸ˜­ğŸ˜­ğŸ˜­,negatif
Semoga BBM membakar mereka2 para pemeras rakyat,negatif
Disaat seperti ini laah kita butuh buku putih karya mbak puaan.. Disana rahasia apbn tanpa utang dan kenaikan harga BBM,negatif
Rakyat kecil Makin sengsara,negatif
Merdeka ....,positif
salam 7 PERIODE..,positif
Ya Allah knp si ini,negatif
Suruh masyarakat jgn panik...kalian pada piknik....kemampuan nya hanya hutang..naikan bbm...n jual..,negatif
GAJI PERESIDEN DAN  MENTRI TURUN MALAI JAM 4.30,negatif
Gaji presiden 500 di juta perbulan,negatif
"Kasihanilah kami wiraswasta pak ğŸ˜­... Cari kerjaan sulit, bos bos nawarnya murah, proyek sudah dikerjakan mbayarnya ga pernah selesai, nangis kita pak ğŸ˜­... Kami tidak hanya perlu makan dihidup ini, byk kebutuhan dan pembayaran lain yang harus kami bayar. Tolong jangan dibalik naikkan harga harga pak ... ğŸ™ğŸ™ğŸ™",negatif
"@JAGALAH CINTA KITA harusnya itu yg di beresin bbm subsisdi di awasi jgn di pake orang kaya bego...bukan malah di naikan, mestinya dr semua pom bensin udah ada aturan mobil /motor tua tahun berapa s/d thn berapa yg bisa isi pertalite . mobil baru pake pretamax",negatif
Cuma naik berapa RP aja ..<br>Tetap masih murah dari luar negri.<br>BBM SUBSIDI naik krna memang ke banyakan di pakai oleh orang kaya.<br>Cuma org dangkal aja yg bilang terlalu mahal,positif
Merokettzzz...zzz...zz,negatif
Teruskan siksa rakyat Indonesia sampai di bawah garis kemiskinan mayoritas luar biasa penindasan kali. Lanjutkan sampai 100 periode supaya rakyat Indonesia makin tersiksa di bawah ke pemimpin kali,negatif
"@James Bond wakwak dana Corona aja gak rata, diajukan berkali-kali bilang nya dalam proses 2 tahun berlalu belum pulih Ekonomi dari Corona ini lagi masalah. Dan Lo suruh gua mengajukan wakwak ente bahlul, gak usah ngomong ke Arab Arab ban kalau ilmu agama nya ngawur, Umar bin Khattab berkeliling negara untuk mencari rakyat yang miskin. Bukan rakyat yang mengajukan lalu bilang dalam proses",negatif
Klo ente termsk masyarakat kurang mampu ajukan aja ke lurah setempat utk dpt subsidi spt blt krn skrg subsidi dialihkan dr brg ke masyarakat kurang mampu,positif
Buzzer mana buzzer ....congormu kog diem ae.....wes penak yo uripmu.....buzzeer sampah.,negatif
Ini adalah hadiah 17 agustus yang sebenarnya . MERDEKA NKRI HARGA MATI,negatif
Bravo pemerintah yang menjerit bukan rakyat....yang menjerit penikmat subsidi.. rakyat dari dulu menjerit dari era2 sebelumnya.. bravo NKRI....yang Demo2 orang munafik biar tidak kelihatan penikmat subsidi ... sdh biasa yang demo itu ortu korup tapi pura2 gak tahu....,negatif
@WECYA BHARATA. bapernya di mana boss..keponya di mana...?? jk A ya A jk B ya B,negatif
@norek ğŸ’€ğŸ’€ğŸ’€â€¼ï¸,positif
@norek ğŸ™„â‰ï¸,positif
@Kun BAPER.KEPOğŸ™„â€¼ï¸,positif
"Jgn salah kan pemerintah salahkan kebodohan kalian yg memilih, kalian yg menanam kalian jg yg harus ngerasain manis,pahit,dan asamnya,kalian yg bodoh dikit dikit ngeluh jadilah orang bijak jgn mau enaknya aja.",negatif
Yg gak milih cerdas yg milih bodoh yg hanya di iming imingi uang 100000 tpi gak mikir kedepan nya negri ini,negatif
Yang protes dan yg mengeluh itu dulu tidak memilih Jokowi.,positif
Massookkkk ğŸ‘,positif
"Mari kita doakan para pemimpin yang zolim ini kena azab yang pedih, doa orang susah dan terzolimi pasti di kabulkan amin...",negatif
"Mantap,ayo rakyat yg penting nyoblos tiap pemilu pilpres/pileg,merdeka!!",positif
"Yg disubsidi kan pertalite, kenapa Pertamax ikutan naik",negatif
Woi banteng mana banteng......congormu kog diem ae.....dulu waktu jaman SBY  kog koar&quot; sampai menghina SBY ....,negatif
Rakyat cilikkk menjeritttt,negatif
Mungikin kalau dia bisa nyalonin lagi di 2024<br>..bbm gk bakal di naikin,positif
Horee sejahtera rakyat kelas atas...rakyat jelata ojo nyocot yoo...rek demon siap2 urusan karo polisi...hahahaha,negatif
"Setelah kenaikan harga bbm, semoga ada pimpinan partai yang nangis lagi ğŸ˜‡ğŸ¤£ğŸ¤£ğŸ¤£ğŸ¤£ğŸ¤£",negatif
GAJI MENTRI DAN PERESIDEN TURUN MULAI HARI INI JAM 4.30 SETERUSNYA,negatif
turun dri ATM,positif
mencari sila kelima,negatif
ANGARAN PEMERINTAH HABIS BUAT NGEGAJIH ORANG ORANG YANG DUDUK DUDUK DOANG YANG ENTAH SAMPAI SAAT INI MANFAAT APA BAGI MASYARAKAT ğŸ”¥ğŸ”¥ğŸ”¥ğŸ”¥ğŸ”¥ğŸ”¥ğŸ”¥,negatif
"Pak yg adil dong kan dampaknya kesemua bukan satu dua ,rakyat kecekik pemeritah pada senang",negatif
Rezim rampok dana untuk ngurusi covad covid sampai ribuan triliun coronanya tdk nampak kerja sama rampok,negatif
G akan pilih capres berbau PDI,negatif
Bbm gausah naik nanti semuanya naik,negatif
"Gaji peresiden , turung",negatif
Runtuhnya keadilan sosial bagi seluruh rakyat indonesia.....Solusi tercepat mengatasi masalah pemerintah.....,negatif
@JAGALAH CINTA KITA anggaran buat rakyatnya di pangkas terus.... Tapi anggaran gaji mereka tiap tahun naik.... ğŸ¤£ğŸ¤£ğŸ¤£ğŸ¤£,negatif
Cuma naik berapa RP aja ..<br>Tetap masih murah dari luar negri.<br>BBM SUBSIDI naik krna memang ke banyakan di pakai oleh orang kaya.<br>Cuma org dangkal aja yg bilang terlalu mahal,positif
Saya ga keberatan bbm naik subsidi dialihkan untuk masyarakat kurang mampu tapi koruptor satu milyar ke atas harus dihukum mati.,positif
"jk ini tanya dpr bos udah kelar belum u terkait itu...<a href=""https://youtu.be/vOpJixcDWsw"">https://youtu.be/vOpJixcDWsw</a>",negatif
"Silahkan mundur bagi yg tidak sanggup mengurus rakyat Indonesia, situ yg bikin BBM subsidi and non subsidi, terus lau juga yg nyalahin rakyat gegara orang kaya beli BBM subsidi ğŸ‘ğŸ‘ selamat bagi 20.65jt rakyat Indonesia mendapat kompensasi subsidi BBM <a href=""http://www.youtube.com/results?search_query=%23menyimak"">#menyimak</a>",positif
@James Bond why do you think!!? Ada banyak masyarakat yg kurang mampu yg tidak dapat BLT namun terdampak kenaikan harga BBM.<br>Semoga bantuan 600rb bisa mencukupi kebutuhan lau dan keluarga SEUMUR HIDUP.,negatif
"Sdh sehrsnya subsidi buat masyarakat kurang mampu bukan subsidi brg spt listrik, BBM",negatif
"Kenaikan harga BBM efeknya 270 juta rakyat sedangkan bansos 150 ribu sebulan hanya segelintir orang aja 300 ribu orang saja, dampaknya kenaikan sluruh harga barang n sembako 50%, kemana kekayaan SDA tambang batubara, emas, minyak, boksit, dan pajak yg dibayar rakyat 1500 ttilyun, juat apa utang negara meroket slama rezim 4700 T dari 2400 T jadi 7100 trilyun kalo gak dikorup jamaah dg KPK dilumpuhkan",negatif
Gak apaÂ² mas mereka korup cuma bisa hidup kaya raya didunia. Karena dunia adalah surga mereka.  Tapi diakhirat mereka gak akan lepas dari pengadilan Allah swt. Semua mereka para pejabat akan dimintai pertanggungjawaban nya masingÂ². Bisa jadi mereka hidup miskin diakhirat,negatif
"Hadewwww, ini naik kenapa sore begini. Bukannya malam waktu orang pada tidur. Semprawut banget pom bensin....makanya berita Rambo gencar banget yak, ternyata di korbanin biar BBM sepi berita, mau nangis takut dosa",negatif
Cieee naek<br>Ko ga ada yg nangis&quot; kaya dulu LG ğŸ˜,positif
Parah parah parah..BBM naik.yg susah tambah melaratğŸ¤£ğŸ¤£ğŸ¤£ğŸ¤£,negatif
JOKOWI MENDENGARKAN KATA MENTRINYA CUMAN MENUTUP KATA,negatif
Sak karepmu pak Jokowi kalo perlu tiap bulan naikkan pertalite Ben rakyatmu tambah remek gini msh percaya partai wong cilik,negatif
Wes pak kami rakyat arak ngomong opo mengko ngomong di tangkep yo wes kami pasrah wae pak,positif
Gara gara hutangnya segunung.. rakyat yg jadi korban... Idiot betul... Negara kita.,negatif
Pak Jokowi rakyat menderita klu BBM naik alih kn dana desa kesubsidi BBM dapat semua,positif
Sak karepmu pak Jokowi kalo perlu tiap bulan naikkan pertalite Ben rakyatmu tambah remek gini msh percaya partai wong cilik,negatif
"Makin deket kiamat nya bah, bagus kalian  bunuh aja semua rakyat..",negatif
"Bbm tdk naik sj , bhan mkn sdh pada mahal , ini ditambah BBM naik , bakal makin mahal lg hrgae ,,, kasiyan rakyat kecil yg tdk puny oekerjaan tetap",negatif
Di kampung sy sdah jadi 30 ribu perliter. Ap gk msmpus.,negatif
Saya keberatan pak sebagai pekerja kurir atas kenaikan BBM...<br><br>Tolong di fikir kembali untuk rakyat kecil seperti kami,negatif
@Rizky IRAWAN gak ada niatan melawan pemerintah tah? kok langsung pasrah,negatif
@Imam Hasan ASN ya udah terima NASIB aja lah,negatif
@Rizky IRAWAN nah duitnya itu yg kagak ada,positif
@Imam Hasan ASNcaranya duitnya banyak trs ikut diPARPOL..NTAR enten mau DPR DPRD bupati gubernur walikota atau presiden...disitu ada lowongan,positif
@Rizky IRAWAN cara jd pejabat gmn?,negatif
BBM pemerentah sdh tdk bisa berbuat yg menyenangkan rakyat nya dan sdh terlalu banyak hutang apa lagi anggota DPR bosanya hanya setuju yg yg penting inkam nya lancar rakyat susah tdk perduli lagi  kalau ada pemilu ngemis2 minta dipilih wahai dpr dari PDIP dulu waktu Kalau kenaikan bbm nangis2 tdk setuju sekarang dimana koh tdk ada suaranya,negatif
@JAGALAH CINTA KITA setau saya kalo dinluar negri pendapatan minimum nya besar bang...jauh lebih besar bandingkan indonesia ...jdi wajar mereka lebih tinggi harga bbm di sana...karena rakyatnya mampu...,positif
Cuma naik berapa RP aja ..<br>Tetap masih murah dari luar negri.<br>BBM SUBSIDI naik krna memang ke banyakan di pakai oleh orang kaya.<br>Cuma org dangkal aja yg bilang terlalu mahal,positif
Gua kenak prank ama ni orang kedepan sebaiknya pilih yang cerdas lah,negatif
Yg dpt bantuan itu orang orang tertentu kalau gk percaya coba turun kelapangan...,negatif
Parah2 bener2 parah gila,negatif
Mahalin aja biar bocil bocil bermotor  berkurang,positif
Rakyat tidak butuh bansos uangnya kecil  tidak cukup2 kemana mana terus tidak tepat sasaran..mending susbsidi di besarin rakyat bisa sejahtera karena hargaÂ² murah dan rakyat yg penghasilan kecil tetap bisa memebeli,negatif
Nah bner banget setuju saya,positif
"Harga kebutuhan naik, tpi gajih UMK gak naik, luar biasa rakyat sengsara.",negatif
Jika tidak mampu boleh angkat tangan,positif
Solusinya mana.. <br>Harusnya mobil/motor listrik yg murah,positif
Taii,negatif
bbm naik... semuanya serba mahal ğŸ˜¢ğŸ˜¢,negatif
Males dngr penjelasan .,negatif
Parah naek nya ga dikit2.. Partai merah ko ga ada demo yağŸ˜,negatif
Bbm naik...saya tk  finising harga cat... naik ndak bossss.....,positif
Kok cuma 10000 seharusnya 15000,negatif
"Bangsat negara ini, penimbun semoga kena azab",negatif
"Alhamdulillaah BBM naik terima kasih pak Jokowi, semoga PDIP tidak demo besar-besaran dan semoga juga ibu Mega tidak nangis-nangis lagi tapi masih kurang pak kalau perlu subsidi BBM, LPG dan LISTRIK itu harus di cabut sebab nantinya jadi alasan jika Pertamina dan PLN rugi.",negatif
Subsidi tdk dicabut tp dialihkan dr subsidi brg ke subsidi buat masyarakat yg kurang mampu dlm bentuk blt,positif
Keburu matii,negatif
"Gpp demi nusa dan bangsa, demi indonesia yg lebih baik",positif
ğŸ˜€ demi bangun ibu kota baru,positif
Diharap tenang karena masih ada partainya WONG CILIK,positif
Malaysia gk naik indonesia kok naik bbm.,negatif
Semangat rakyatt bayar hutang elite2 negara konoha ini,negatif
babak belur gaes merdeka indonesia joss pokoke pak presidenğŸ‘,negatif
Yg covid saja di tilep apalagi yg. Ini,negatif
Mati rakyat kernah kesoliman para petinggi,negatif
Indonesia bagusnya gk usah ada pemimpin negara ..ada pun gk berguna juga.,negatif
KLO BBM naik berarti otomatis kebutuhan pokok naik drastis dong pasti. Waduuh.. <br>Kira2 para bipang masih minta 3 periode nggak?? Atau nggak nyampe 2 periode??,negatif
Blunderr.Caption ente membakarğŸ’¥ğŸ”¥ğŸ”¥ğŸ’¥ğŸŒšğŸŒšğŸ’¥ğŸ”¥ diri ente endiriğŸ™„â€¼ï¸,negatif
ğŸ˜©ğŸ˜©ğŸ˜©ğŸ˜© baru keluar dari bencana covid 19 belum lagi normal Keja ...Uda kena kick harga BBM ğŸ˜©ğŸ˜©ğŸ˜©ğŸ˜©ğŸ˜©ğŸ˜©ğŸ˜©ğŸ˜©ğŸ˜©ampun bos...,negatif
Pak jokowi.<br>Seharusnya..<br>Solusinya lebih baik pertamax naik...<br>Pertalite bertahan..subsidi silang pak..<br><br>Solar tetap pertamina dex naik.<br>Terus pak. Kalau ada mobil mewah tak tau malu isi bbm bersubsidi.<br>Lgsg dilarang. Dan jika kedapatan oknum petugas mngisi tu mewah..lgsg digas saja.<br><br>Subsidi silang pak..<br>Pertamax cs naik dan pertamins dex.jfnya rakyat slamat pak..,positif
"Naikin nya jgn sedikit pak...naikin yg bnyk sekalian,buat ngurangin pengendara motor ,bikin sumpek doang jalanan penuh motor!!!",positif
"Sakit kau yah,",negatif
Mendingan ga usah naik  ga  usah subsidi lah,negatif
Kata ekonomi terbaik hanya Indonesia servive ğŸ¥²,negatif
Kita rakyat Belum merdeka masih di jajah oleh pejabat2 penguasa..,negatif
Naikin saja 100 ribu perliter biar puas makan duit rakyat,negatif
Setuju,positif
"Mantap makin sejahtera saja rakyat,ğŸ˜€ğŸ˜€ğŸ˜€ğŸ˜€",negatif
"Sejahtera rakyat kelas atas sekelas pejabat rakyat sekolam n kloni2 nya..,ğŸ˜‚",negatif
Kl berani potong gaji2 pejabat tinggi bumn jg pejabat negara.termasuk dpr mpr.kl anda memang pro rakyat.bukan perut kalian aja yg di pikir,negatif
"infrasruktur maju, ekonomi maju, omong kosong itu semuağŸ˜¡ğŸ˜¡ğŸ˜¡<br>Tai kuda",negatif
"Bagaimana kalau beras kita juwal harga 100.000 perkilo untuk org kaya ,org miskin harga normal gimana",positif
Mereka bakal makan roti ama daging inpor bang.,negatif
Semoga tetap semangat jadi kasta Dalit dinegeri ini,negatif
Ini negri wakanda atau prindapan sih?,negatif
Manut beli manut karep mu dhe...,negatif
Saya sangat setuju dalam program pengembangan kasta dalitğŸ¤£,positif
Asu emang,negatif
Tanggung pak dhe 20 rbu ja naikin skalian harga nya<br>Supaya gak macet dan bikin ruwet d jlanan,positif
naik bbm sebagai ojol ngga setuju makin berat aja hidup,negatif
Pusing pusing pusing ğŸ‘ğŸ‘ğŸ‘,negatif
"Harga BBM <a href=""https://youtu.be/USguO7Rj5_I"">https://youtu.be/USguO7Rj5_I</a>",positif
telur hancur harga di peternak.. bbm naik..,negatif
bbm naik tapi gaji g naik&quot; terus bikin mati rakyat nich sich kacau bantuan j g ada,negatif
"ALKHAMDULILAH Naik,",positif
"Dengan kenaikan ini Kehidupan cebong semakin baik,hidup Wiwi hidup junjungan cebong, jujur aja bong subsidi dicabut untuk bayar utang yg 8000T Krn gak becus cari uang untuk negara,bkn fasilitas,gaji dan kehidupan pejabatnya yg dipangkas tapi malah merongrong subsidi untuk rakyat yg benar2 digunakan untuk kepentingan banyak orang",negatif
"@binor hunting lu ketinggalan berita asal komen asal lu tau minyak dunia SDH turun di harga 99$/barel dijual 10.000 dan ini yg membedakan di zaman SBY harga minyak menyentuh 120$/barel masih bisa jual harga 6000/L Krn pemerintah saat itu bisa hasilkan duit ke negara,beda Ama zaman junjunganlo disamping gak becus urus negara duit yg dihasilkan gak ada dan cuma bisa nambah utang hingga 8000T",negatif
@Sandy Uda diluar sana harga pangan sudah pada naik semua d Malaysia saking tinggi nya harga pangan pemerintah Malaysia ngasih subsidi pangan yg jumbo,positif
@Sandy Uda lgi pula harga minyak dunia jga dah naik kalo d than trus bisa jebol,positif
"Ini bkn perkara naik mobil pake BBM subsidi bro,tp efek turunannya yg bakal mengerek harga2 kebutuhan rakyat",negatif
"pmerintah uda tau BBM SUBSIDI dipake sama orang kaya, kenapa mobil pribadi di kasih pake BBBM SUBSIDI/pertaliteğŸ¤¦ğŸ»â€â™‚ï¸ğŸ¤¦ğŸ»â€â™‚ï¸ğŸ¤¦ğŸ»â€â™‚ï¸ğŸ¤¦ğŸ»â€â™‚ï¸ğŸ¤¦ğŸ»â€â™‚ï¸ğŸ¤¦ğŸ»â€â™‚ï¸ğŸ¤¦ğŸ»â€â™‚ï¸ğŸ¤¦ğŸ»â€â™‚ï¸ğŸ¤¦ğŸ»â€â™‚ï¸ğŸ¤¦ğŸ»â€â™‚ï¸ğŸ¤¦ğŸ»â€â™‚ï¸ğŸ¤¦ğŸ»â€â™‚ï¸ğŸ¤¦ğŸ»â€â™‚ï¸ğŸ¤¦ğŸ»â€â™‚ï¸ğŸ¤¦ğŸ»â€â™‚ï¸ğŸ¤¦ğŸ»â€â™‚ï¸ğŸ¤¦ğŸ»â€â™‚ï¸",negatif